0, -104.67301, -104.66216662, 39.861689495, 39.87004994
1, -104.67301, -104.662165309, 39.870029435, 39.878389868
2, -104.68383207, -104.67298869, 39.861689495, 39.87004994
3, -104.67301, -104.66216793, 39.853349555, 39.861710012
4, -104.66218793, -104.651344549, 39.86168899, 39.870049435
5, -104.67301, -104.662163997, 39.878369363, 39.886729783
6, -104.68383207, -104.672987379, 39.870029435, 39.878389868
7, -104.662186619, -104.651341928, 39.87002893, 39.878389363
8, -104.69465414, -104.68381076, 39.861689495, 39.87004994
9, -104.68383207, -104.67299, 39.853349555, 39.861710012
10, -104.67301, -104.66216924, 39.845009616, 39.853370084
11, -104.66218924, -104.65134717, 39.853349051, 39.861709507
12, -104.65136586, -104.640522479, 39.861688486, 39.87004893
13, -104.67301, -104.662162685, 39.886709278, 39.895069687
14, -104.68383207, -104.672986067, 39.878369363, 39.886729783
15, -104.662185308, -104.651339306, 39.878368857, 39.886729278
16, -104.69465414, -104.683809449, 39.870029435, 39.878389868
17, -104.651363239, -104.640518548, 39.870028425, 39.878388858
18, -104.705476211, -104.69463283, 39.861689495, 39.87004994
19, -104.69465414, -104.68381207, 39.853349555, 39.861710012
20, -104.68383207, -104.67299131, 39.845009616, 39.853370084
21, -104.67301, -104.662170549, 39.836669676, 39.845030156
22, -104.662190549, -104.651349789, 39.845009111, 39.85336958
23, -104.651368479, -104.64052641, 39.853348546, 39.861709003
24, -104.64054379, -104.629700409, 39.861687981, 39.870048425
25, -104.67301, -104.662161372, 39.895049182, 39.903409579
26, -104.68383207, -104.672984755, 39.886709278, 39.895069687
27, -104.662183997, -104.651336682, 39.886708773, 39.895069182
28, -104.69465414, -104.683808137, 39.878369363, 39.886729783
29, -104.651360617, -104.640514614, 39.878368352, 39.886728773
30, -104.705476211, -104.694631519, 39.870029435, 39.878389868
31, -104.640539859, -104.629695167, 39.87002792, 39.878388353
32, -104.716298281, -104.7054549, 39.861689495, 39.87004994
33, -104.705476211, -104.69463414, 39.853349555, 39.861710012
34, -104.69465414, -104.68381338, 39.845009616, 39.853370084
35, -104.68383207, -104.672992619, 39.836669676, 39.845030156
36, -104.67301, -104.662171858, 39.828329736, 39.836690229
37, -104.662191858, -104.651352407, 39.836669172, 39.845029652
38, -104.651371098, -104.640530338, 39.845008607, 39.853369075
39, -104.640547719, -104.629705649, 39.853348041, 39.861708498
40, -104.62972172, -104.61887834, 39.861687476, 39.870047921
41, -104.67301, -104.662160059, 39.903389073, 39.911749459
42, -104.68383207, -104.672983443, 39.895049182, 39.903409579
43, -104.662182685, -104.651334058, 39.895048676, 39.903409073
44, -104.69465414, -104.683806825, 39.886709278, 39.895069687
45, -104.651357994, -104.640510679, 39.886708268, 39.895068677
46, -104.705476211, -104.694630208, 39.878369363, 39.886729783
47, -104.640535926, -104.629689923, 39.878367847, 39.886728268
48, -104.716298281, -104.705453589, 39.870029435, 39.878389868
49, -104.629716478, -104.618871787, 39.870027415, 39.878387848
50, -104.727120351, -104.71627697, 39.861689495, 39.87004994
51, -104.716298281, -104.705456211, 39.853349555, 39.861710012
52, -104.705476211, -104.69463545, 39.845009616, 39.853370084
53, -104.69465414, -104.683814689, 39.836669676, 39.845030156
54, -104.68383207, -104.672993928, 39.828329736, 39.836690229
55, -104.67301, -104.662173166, 39.819989797, 39.828350301
56, -104.662193166, -104.651355024, 39.828329232, 39.836689724
57, -104.651373716, -104.640534265, 39.836668667, 39.845029148
58, -104.640551647, -104.629710887, 39.845008102, 39.853368571
59, -104.629726959, -104.618884889, 39.853347537, 39.861707993
60, -104.61889965, -104.60805627, 39.861686971, 39.870047416
61, -104.67301, -104.662158746, 39.911728953, 39.920089326
62, -104.68383207, -104.67298213, 39.903389073, 39.911749459
63, -104.662181372, -104.651331432, 39.903388568, 39.911748953
64, -104.69465414, -104.683805513, 39.895049182, 39.903409579
65, -104.65135537, -104.640506743, 39.895048171, 39.903408568
66, -104.705476211, -104.694628896, 39.886709278, 39.895069687
67, -104.640531991, -104.629684676, 39.886707762, 39.895068171
68, -104.716298281, -104.705452278, 39.878369363, 39.886729783
69, -104.629711234, -104.618865232, 39.878367342, 39.886727763
70, -104.727120351, -104.716275659, 39.870029435, 39.878389868
71, -104.618893098, -104.608048407, 39.87002691, 39.878387343
72, -104.737942421, -104.727099041, 39.861689495, 39.87004994
73, -104.727120351, -104.716278281, 39.853349555, 39.861710012
74, -104.716298281, -104.70545752, 39.845009616, 39.853370084
75, -104.705476211, -104.69463676, 39.836669676, 39.845030156
76, -104.69465414, -104.683815998, 39.828329736, 39.836690229
77, -104.68383207, -104.672995236, 39.819989797, 39.828350301
78, -104.67301, -104.662174474, 39.811649857, 39.820010373
79, -104.662194474, -104.65135764, 39.819989293, 39.828349797
80, -104.651376332, -104.64053819, 39.828328728, 39.83668922
81, -104.640555573, -104.629716123, 39.836668163, 39.845028643
82, -104.629732196, -104.618891436, 39.845007598, 39.853368066
83, -104.618906199, -104.608064129, 39.853347032, 39.861707489
84, -104.60807758, -104.5972342, 39.861686466, 39.870046911
85, -104.67301, -104.662157431, 39.92006882, 39.928429182
86, -104.68383207, -104.672980816, 39.911728953, 39.920089326
87, -104.662180059, -104.651328805, 39.911728447, 39.920088821
88, -104.69465414, -104.6838042, 39.903389073, 39.911749459
89, -104.651352745, -104.640502804, 39.903388062, 39.911748447
90, -104.705476211, -104.694627583, 39.895049182, 39.903409579
91, -104.640528055, -104.629679428, 39.895047666, 39.903408063
92, -104.716298281, -104.705450966, 39.886709278, 39.895069687
93, -104.629705988, -104.618858674, 39.886707257, 39.895067666
94, -104.727120351, -104.716274348, 39.878369363, 39.886729783
95, -104.618886543, -104.608040541, 39.878366837, 39.886727258
96, -104.737942421, -104.72709773, 39.870029435, 39.878389868
97, -104.608069718, -104.597225027, 39.870026405, 39.878386838
98, -104.748764491, -104.737921111, 39.861689495, 39.87004994
99, -104.737942421, -104.727100351, 39.853349555, 39.861710012
100, -104.727120351, -104.716279591, 39.845009616, 39.853370084
101, -104.716298281, -104.70545883, 39.836669676, 39.845030156
102, -104.705476211, -104.694638068, 39.828329736, 39.836690229
103, -104.69465414, -104.683817306, 39.819989797, 39.828350301
104, -104.68383207, -104.672996544, 39.811649857, 39.820010373
105, -104.67301, -104.662175781, 39.803309917, 39.811670445
106, -104.662195781, -104.651360255, 39.811649353, 39.820009869
107, -104.651378947, -104.640542114, 39.819988789, 39.828349293
108, -104.640559498, -104.629721356, 39.828328224, 39.836688716
109, -104.629737431, -104.618897981, 39.836667659, 39.845028139
110, -104.618912746, -104.608071986, 39.845007093, 39.853367562
111, -104.608085439, -104.59724337, 39.853346527, 39.861706984
112, -104.59725551, -104.586412131, 39.861685961, 39.870046406
113, -104.67301, -104.662156117, 39.928408676, 39.936769025
114, -104.68383207, -104.672979502, 39.92006882, 39.928429182
115, -104.662178746, -104.651326177, 39.920068315, 39.928428676
116, -104.69465414, -104.683802886, 39.911728953, 39.920089326
117, -104.651350119, -104.640498864, 39.911727941, 39.920088315
118, -104.705476211, -104.69462627, 39.903389073, 39.911749459
119, -104.640524117, -104.629674177, 39.903387557, 39.911747942
120, -104.716298281, -104.705449653, 39.895049182, 39.903409579
121, -104.62970074, -104.618852113, 39.89504716, 39.903407557
122, -104.727120351, -104.716273036, 39.886709278, 39.895069687
123, -104.618879986, -104.608032671, 39.886706752, 39.895067161
124, -104.737942421, -104.727096418, 39.878369363, 39.886729783
125, -104.608061852, -104.59721585, 39.878366332, 39.886726753
126, -104.748764491, -104.7379198, 39.870029435, 39.878389868
127, -104.597246338, -104.586401647, 39.8700259, 39.878386333
128, -104.759586561, -104.748743181, 39.861689495, 39.87004994
129, -104.748764491, -104.737922421, 39.853349555, 39.861710012
130, -104.737942421, -104.727101661, 39.845009616, 39.853370084
131, -104.727120351, -104.7162809, 39.836669676, 39.845030156
132, -104.716298281, -104.705460139, 39.828329736, 39.836690229
133, -104.705476211, -104.694639377, 39.819989797, 39.828350301
134, -104.69465414, -104.683818614, 39.811649857, 39.820010373
135, -104.68383207, -104.672997851, 39.803309917, 39.811670445
136, -104.67301, -104.662177087, 39.794969978, 39.803330517
137, -104.662197087, -104.651362868, 39.803309414, 39.811669941
138, -104.651381562, -104.640546035, 39.811648849, 39.820009365
139, -104.640563421, -104.629726587, 39.819988285, 39.828348789
140, -104.629742664, -104.618904522, 39.82832772, 39.836688212
141, -104.618919289, -104.608079839, 39.836667154, 39.845027635
142, -104.608093295, -104.597252535, 39.845006589, 39.853367057
143, -104.597264679, -104.58642261, 39.853346023, 39.861706479
144, -104.586433441, -104.575590061, 39.861685457, 39.870045901
145, -104.67301, -104.662154801, 39.936748519, 39.945108857
146, -104.68383207, -104.672978187, 39.928408676, 39.936769025
147, -104.662177431, -104.651323548, 39.92840817, 39.936768519
148, -104.69465414, -104.683801572, 39.92006882, 39.928429182
149, -104.651347491, -104.640494923, 39.920067809, 39.92842817
150, -104.705476211, -104.694624956, 39.911728953, 39.920089326
151, -104.640520178, -104.629668924, 39.911727436, 39.920087809
152, -104.716298281, -104.70544834, 39.903389073, 39.911749459
153, -104.62969549, -104.61884555, 39.903387051, 39.911747436
154, -104.727120351, -104.716271723, 39.895049182, 39.903409579
155, -104.618873426, -104.608024798, 39.895046655, 39.903407052
156, -104.737942421, -104.727095106, 39.886709278, 39.895069687
157, -104.608053983, -104.597206669, 39.886706247, 39.895066656
158, -104.748764491, -104.737918488, 39.878369363, 39.886729783
159, -104.597237161, -104.586391159, 39.878365827, 39.886726248
160, -104.759586561, -104.74874187, 39.870029435, 39.878389868
161, -104.586422958, -104.575578267, 39.870025395, 39.878385828
162, -104.770408632, -104.759565251, 39.861689495, 39.87004994
163, -104.759586561, -104.748744491, 39.853349555, 39.861710012
164, -104.748764491, -104.737923731, 39.845009616, 39.853370084
165, -104.737942421, -104.72710297, 39.836669676, 39.845030156
166, -104.727120351, -104.716282209, 39.828329736, 39.836690229
167, -104.716298281, -104.705461447, 39.819989797, 39.828350301
168, -104.705476211, -104.694640684, 39.811649857, 39.820010373
169, -104.69465414, -104.683819921, 39.803309917, 39.811670445
170, -104.68383207, -104.672999158, 39.794969978, 39.803330517
171, -104.67301, -104.662178393, 39.786630038, 39.79499059
172, -104.662198393, -104.651365481, 39.794969474, 39.803330014
173, -104.651384175, -104.640549956, 39.80330891, 39.811669438
174, -104.640567342, -104.629731816, 39.811648345, 39.820008861
175, -104.629747895, -104.618911061, 39.81998778, 39.828348284
176, -104.618925831, -104.608087689, 39.828327215, 39.836687707
177, -104.608101148, -104.597261697, 39.83666665, 39.84502713
178, -104.597273845, -104.586433085, 39.845006084, 39.853366553
179, -104.58644392, -104.57560185, 39.853345518, 39.861705975
180, -104.575611371, -104.564767992, 39.861684952, 39.870045396
181, -104.67301, -104.662153485, 39.945088351, 39.953448677
182, -104.68383207, -104.672976872, 39.936748519, 39.945108857
183, -104.662176117, -104.651320918, 39.936748013, 39.945108351
184, -104.69465414, -104.683800257, 39.928408676, 39.936769025
185, -104.651344863, -104.64049098, 39.928407664, 39.936768013
186, -104.705476211, -104.694623642, 39.92006882, 39.928429182
187, -104.640516237, -104.629663669, 39.920067303, 39.928427664
188, -104.716298281, -104.705447026, 39.911728953, 39.920089326
189, -104.629690237, -104.618838983, 39.91172693, 39.920087303
190, -104.727120351, -104.71627041, 39.903389073, 39.911749459
191, -104.618866863, -104.608016922, 39.903386546, 39.911746931
192, -104.737942421, -104.727093794, 39.895049182, 39.903409579
193, -104.608046111, -104.597197484, 39.895046149, 39.903406546
194, -104.748764491, -104.737917176, 39.886709278, 39.895069687
195, -104.597227981, -104.586380666, 39.886705741, 39.89506615
196, -104.759586561, -104.748740559, 39.878369363, 39.886729783
197, -104.58641247, -104.575566468, 39.878365322, 39.886725743
198, -104.770408632, -104.75956394, 39.870029435, 39.878389868
199, -104.575599578, -104.564754887, 39.87002489, 39.878385323
200, -104.781230702, -104.770387321, 39.861689495, 39.87004994
201, -104.770408632, -104.759566562, 39.853349555, 39.861710012
202, -104.759586561, -104.748745801, 39.845009616, 39.853370084
203, -104.748764491, -104.73792504, 39.836669676, 39.845030156
204, -104.737942421, -104.727104279, 39.828329736, 39.836690229
205, -104.727120351, -104.716283517, 39.819989797, 39.828350301
206, -104.716298281, -104.705462754, 39.811649857, 39.820010373
207, -104.705476211, -104.694641991, 39.803309917, 39.811670445
208, -104.69465414, -104.683821228, 39.794969978, 39.803330517
209, -104.68383207, -104.673000464, 39.786630038, 39.79499059
210, -104.67301, -104.662179699, 39.778290098, 39.786650662
211, -104.662199699, -104.651368092, 39.786629534, 39.794990086
212, -104.651386787, -104.640553874, 39.79496897, 39.80332951
213, -104.640571262, -104.629737043, 39.803308406, 39.811668934
214, -104.629753123, -104.618917597, 39.811647841, 39.820008357
215, -104.618932369, -104.608095535, 39.819987276, 39.82834778
216, -104.608108997, -104.597270855, 39.828326711, 39.836687203
217, -104.597283006, -104.586443555, 39.836666145, 39.845026626
218, -104.586454394, -104.575613634, 39.84500558, 39.853366048
219, -104.57562316, -104.564781091, 39.853345013, 39.86170547
220, -104.564789302, -104.553945922, 39.861684447, 39.870044892
221, -104.67301, -104.662152169, 39.95342817, 39.961788484
222, -104.68383207, -104.672975556, 39.945088351, 39.953448677
223, -104.662174801, -104.651318287, 39.945087844, 39.95344817
224, -104.69465414, -104.683798942, 39.936748519, 39.945108857
225, -104.651342233, -104.640487035, 39.936747507, 39.945107845
226, -104.705476211, -104.694622327, 39.928408676, 39.936769025
227, -104.640512294, -104.629658411, 39.928407158, 39.936767507
228, -104.716298281, -104.705445712, 39.92006882, 39.928429182
229, -104.629684983, -104.618832414, 39.920066797, 39.928427158
230, -104.727120351, -104.716269097, 39.911728953, 39.920089326
231, -104.618860297, -104.608009043, 39.911726424, 39.920086798
232, -104.737942421, -104.72709248, 39.903389073, 39.911749459
233, -104.608038235, -104.597188295, 39.90338604, 39.911746425
234, -104.748764491, -104.737915864, 39.895049182, 39.903409579
235, -104.597218796, -104.586370169, 39.895045644, 39.903406041
236, -104.759586561, -104.748739246, 39.886709278, 39.895069687
237, -104.586401978, -104.575554664, 39.886705236, 39.895065645
238, -104.770408632, -104.759562629, 39.878369363, 39.886729783
239, -104.575587779, -104.564741777, 39.878364816, 39.886725237
240, -104.781230702, -104.77038601, 39.870029435, 39.878389868
241, -104.564776198, -104.553931507, 39.870024385, 39.878384818
242, -104.792052772, -104.781209391, 39.861689495, 39.87004994
243, -104.781230702, -104.770388632, 39.853349555, 39.861710012
244, -104.770408632, -104.759567871, 39.845009616, 39.853370084
245, -104.759586561, -104.748747111, 39.836669676, 39.845030156
246, -104.748764491, -104.737926349, 39.828329736, 39.836690229
247, -104.737942421, -104.727105587, 39.819989797, 39.828350301
248, -104.727120351, -104.716284825, 39.811649857, 39.820010373
249, -104.716298281, -104.705464062, 39.803309917, 39.811670445
250, -104.705476211, -104.694643298, 39.794969978, 39.803330517
251, -104.69465414, -104.683822534, 39.786630038, 39.79499059
252, -104.68383207, -104.673001769, 39.778290098, 39.786650662
253, -104.67301, -104.662181004, 39.769950159, 39.778310734
254, -104.662201004, -104.651370703, 39.778289595, 39.786650158
255, -104.651389398, -104.640557791, 39.786629031, 39.794989583
256, -104.64057518, -104.629742268, 39.794968467, 39.803329006
257, -104.62975835, -104.618924131, 39.803307902, 39.81166843
258, -104.618938904, -104.608103379, 39.811647337, 39.820007853
259, -104.608116843, -104.597280009, 39.819986772, 39.828347276
260, -104.597292163, -104.586454022, 39.828326207, 39.836686699
261, -104.586464864, -104.575625414, 39.836665641, 39.845026121
262, -104.575634944, -104.564794184, 39.845005075, 39.853365544
263, -104.5648024, -104.553960331, 39.853344509, 39.861704965
264, -104.553967232, -104.543123853, 39.861683942, 39.870044387
265, -104.67301, -104.662150852, 39.961767977, 39.97012828
266, -104.68383207, -104.672974239, 39.95342817, 39.961788484
267, -104.662173485, -104.651315654, 39.953427664, 39.961787978
268, -104.69465414, -104.683797626, 39.945088351, 39.953448677
269, -104.651339603, -104.640483088, 39.945087338, 39.953447664
270, -104.705476211, -104.694621012, 39.936748519, 39.945108857
271, -104.64050835, -104.629653151, 39.936747001, 39.945107339
272, -104.716298281, -104.705444397, 39.928408676, 39.936769025
273, -104.629679726, -104.618825843, 39.928406652, 39.936767001
274, -104.727120351, -104.716267782, 39.92006882, 39.928429182
275, -104.618853729, -104.60800116, 39.920066291, 39.928426653
276, -104.737942421, -104.727091167, 39.911728953, 39.920089326
277, -104.608030357, -104.597179103, 39.911725919, 39.920086292
278, -104.748764491, -104.737914551, 39.903389073, 39.911749459
279, -104.597209608, -104.586359668, 39.903385534, 39.91174592
280, -104.759586561, -104.748737934, 39.895049182, 39.903409579
281, -104.586391482, -104.575542855, 39.895045138, 39.903405536
282, -104.770408632, -104.759561317, 39.886709278, 39.895069687
283, -104.575575976, -104.564728661, 39.886704731, 39.89506514
284, -104.781230702, -104.770384699, 39.878369363, 39.886729783
285, -104.564763088, -104.553917086, 39.878364311, 39.886724732
286, -104.792052772, -104.781208081, 39.870029435, 39.878389868
287, -104.553952818, -104.543108127, 39.87002388, 39.878384313
288, -104.802874842, -104.792031462, 39.861689495, 39.87004994
289, -104.792052772, -104.781210702, 39.853349555, 39.861710012
290, -104.781230702, -104.770389942, 39.845009616, 39.853370084
291, -104.770408632, -104.759569181, 39.836669676, 39.845030156
292, -104.759586561, -104.748748419, 39.828329736, 39.836690229
293, -104.748764491, -104.737927657, 39.819989797, 39.828350301
294, -104.737942421, -104.727106895, 39.811649857, 39.820010373
295, -104.727120351, -104.716286132, 39.803309917, 39.811670445
296, -104.716298281, -104.705465368, 39.794969978, 39.803330517
297, -104.705476211, -104.694644604, 39.786630038, 39.79499059
298, -104.69465414, -104.683823839, 39.778290098, 39.786650662
299, -104.68383207, -104.673003074, 39.769950159, 39.778310734
300, -104.67301, -104.662182308, 39.761610219, 39.769970806
301, -104.662202308, -104.651373312, 39.769949655, 39.778310231
302, -104.651392008, -104.640561707, 39.778289092, 39.786649655
303, -104.640579097, -104.62974749, 39.786628528, 39.794989079
304, -104.629763574, -104.618930662, 39.794967963, 39.803328503
305, -104.618945437, -104.608111219, 39.803307398, 39.811667926
306, -104.608124686, -104.59728916, 39.811646833, 39.820007349
307, -104.597301317, -104.586464484, 39.819986268, 39.828346772
308, -104.58647533, -104.575637188, 39.828325703, 39.836686195
309, -104.575646722, -104.564807272, 39.836665137, 39.845025617
310, -104.564815493, -104.553974734, 39.845004571, 39.853365039
311, -104.553981641, -104.543139572, 39.853344004, 39.861704461
312, -104.543145163, -104.532301784, 39.861683437, 39.870043882
313, -104.67301, -104.662149535, 39.970107773, 39.978468063
314, -104.68383207, -104.672972922, 39.961767977, 39.97012828
315, -104.662172169, -104.651313021, 39.961767471, 39.970127773
316, -104.69465414, -104.683796309, 39.95342817, 39.961788484
317, -104.651336971, -104.64047914, 39.953427157, 39.961787471
318, -104.705476211, -104.694619696, 39.945088351, 39.953448677
319, -104.640504404, -104.62964789, 39.945086832, 39.953447158
320, -104.716298281, -104.705443082, 39.936748519, 39.945108857
321, -104.629674467, -104.618819268, 39.936746495, 39.945106832
322, -104.727120351, -104.716266468, 39.928408676, 39.936769025
323, -104.618847157, -104.607993274, 39.928406146, 39.936766495
324, -104.737942421, -104.727089853, 39.92006882, 39.928429182
325, -104.608022474, -104.597169906, 39.920065785, 39.928426147
326, -104.748764491, -104.737913237, 39.911728953, 39.920089326
327, -104.597200416, -104.586349162, 39.911725413, 39.920085786
328, -104.759586561, -104.748736621, 39.903389073, 39.911749459
329, -104.586380981, -104.575531041, 39.903385029, 39.911745414
330, -104.770408632, -104.759560004, 39.895049182, 39.903409579
331, -104.575564167, -104.564715541, 39.895044633, 39.90340503
332, -104.781230702, -104.770383387, 39.886709278, 39.895069687
333, -104.564749973, -104.553902659, 39.886704226, 39.895064635
334, -104.792052772, -104.781206769, 39.878369363, 39.886729783
335, -104.553938398, -104.543092396, 39.878363806, 39.886724227
336, -104.802874842, -104.792030151, 39.870029435, 39.878389868
337, -104.543129438, -104.532284748, 39.870023375, 39.878383808
338, -104.813696912, -104.802853532, 39.861689495, 39.87004994
339, -104.802874842, -104.792032772, 39.853349555, 39.861710012
340, -104.792052772, -104.781212012, 39.845009616, 39.853370084
341, -104.781230702, -104.770391251, 39.836669676, 39.845030156
342, -104.770408632, -104.759570489, 39.828329736, 39.836690229
343, -104.759586561, -104.748749727, 39.819989797, 39.828350301
344, -104.748764491, -104.737928965, 39.811649857, 39.820010373
345, -104.737942421, -104.727108202, 39.803309917, 39.811670445
346, -104.727120351, -104.716287438, 39.794969978, 39.803330517
347, -104.716298281, -104.705466674, 39.786630038, 39.79499059
348, -104.705476211, -104.694645909, 39.778290098, 39.786650662
349, -104.69465414, -104.683825144, 39.769950159, 39.778310734
350, -104.68383207, -104.673004378, 39.761610219, 39.769970806
351, -104.67301, -104.662183612, 39.753270279, 39.761630878
352, -104.662203612, -104.65137592, 39.761609716, 39.769970303
353, -104.651394616, -104.64056562, 39.769949152, 39.778309728
354, -104.640583011, -104.629752711, 39.778288588, 39.786649152
355, -104.629768796, -104.618937189, 39.786628024, 39.794988576
356, -104.618951967, -104.608119055, 39.79496746, 39.803327999
357, -104.608132525, -104.597298306, 39.803306895, 39.811667422
358, -104.597310467, -104.586474941, 39.81164633, 39.820006845
359, -104.586485791, -104.575648958, 39.819985764, 39.828346268
360, -104.575658496, -104.564820355, 39.828325198, 39.836685691
361, -104.564828581, -104.553989131, 39.836664632, 39.845025113
362, -104.553996043, -104.543155284, 39.845004066, 39.853364534
363, -104.543160881, -104.532318812, 39.853343499, 39.861703956
364, -104.532323094, -104.521479714, 39.861682933, 39.870043377
365, -104.67301, -104.662148217, 39.978447556, 39.986807834
366, -104.68383207, -104.672971605, 39.970107773, 39.978468063
367, -104.662170852, -104.651310387, 39.970107266, 39.978467556
368, -104.69465414, -104.683794992, 39.961767977, 39.97012828
369, -104.651334338, -104.64047519, 39.961766964, 39.970127266
370, -104.705476211, -104.69461838, 39.95342817, 39.961788484
371, -104.640500456, -104.629642626, 39.953426651, 39.961786965
372, -104.716298281, -104.705441766, 39.945088351, 39.953448677
373, -104.629669205, -104.618812691, 39.945086326, 39.953446651
374, -104.727120351, -104.716265152, 39.936748519, 39.945108857
375, -104.618840584, -104.607985385, 39.936745989, 39.945106326
376, -104.737942421, -104.727088538, 39.928408676, 39.936769025
377, -104.608014589, -104.597160706, 39.92840564, 39.936765989
378, -104.748764491, -104.737911923, 39.92006882, 39.928429182
379, -104.597191221, -104.586338653, 39.920065279, 39.928425641
380, -104.759586561, -104.748735307, 39.911728953, 39.920089326
381, -104.586370476, -104.575519222, 39.911724907, 39.920085281
382, -104.770408632, -104.759558691, 39.903389073, 39.911749459
383, -104.575552354, -104.564702414, 39.903384523, 39.911744909
384, -104.781230702, -104.770382074, 39.895049182, 39.903409579
385, -104.564736853, -104.553888226, 39.895044128, 39.903404525
386, -104.792052772, -104.781205457, 39.886709278, 39.895069687
387, -104.553923971, -104.543076657, 39.88670372, 39.895064129
388, -104.802874842, -104.792028839, 39.878369363, 39.886729783
389, -104.543113707, -104.532267705, 39.878363301, 39.886723722
390, -104.813696912, -104.802852221, 39.870029435, 39.878389868
391, -104.532306059, -104.521461368, 39.87002287, 39.878383303
392, -104.824518982, -104.813675602, 39.861689495, 39.87004994
393, -104.813696912, -104.802854842, 39.853349555, 39.861710012
394, -104.802874842, -104.792034082, 39.845009616, 39.853370084
395, -104.792052772, -104.781213321, 39.836669676, 39.845030156
396, -104.781230702, -104.77039256, 39.828329736, 39.836690229
397, -104.770408632, -104.759571798, 39.819989797, 39.828350301
398, -104.759586561, -104.748751035, 39.811649857, 39.820010373
399, -104.748764491, -104.737930272, 39.803309917, 39.811670445
400, -104.737942421, -104.727109508, 39.794969978, 39.803330517
401, -104.727120351, -104.716288744, 39.786630038, 39.79499059
402, -104.716298281, -104.70546798, 39.778290098, 39.786650662
403, -104.705476211, -104.694647214, 39.769950159, 39.778310734
404, -104.69465414, -104.683826449, 39.761610219, 39.769970806
405, -104.68383207, -104.673005682, 39.753270279, 39.761630878
406, -104.67301, -104.662184915, 39.74493034, 39.75329095
407, -104.662204915, -104.651378527, 39.753269776, 39.761630375
408, -104.651397224, -104.640569532, 39.761609213, 39.7699698
409, -104.640586925, -104.629757929, 39.769948649, 39.778309224
410, -104.629774015, -104.618943715, 39.778288085, 39.786648648
411, -104.618958495, -104.608126889, 39.786627521, 39.794988072
412, -104.608140361, -104.597307449, 39.794966956, 39.803327496
413, -104.597319613, -104.586485394, 39.803306391, 39.811666919
414, -104.586496248, -104.575660722, 39.811645826, 39.820006342
415, -104.575670265, -104.564833432, 39.81998526, 39.828345764
416, -104.564841663, -104.554003522, 39.828324694, 39.836685186
417, -104.554010439, -104.543170989, 39.836664128, 39.845024608
418, -104.543176593, -104.532335834, 39.845003562, 39.85336403
419, -104.532340122, -104.521498053, 39.853342995, 39.861703451
420, -104.521501025, -104.510657645, 39.861682428, 39.870042872
421, -104.67301, -104.662146898, 39.986787327, 39.995147594
422, -104.68383207, -104.672970287, 39.978447556, 39.986807834
423, -104.662169534, -104.651307751, 39.978447049, 39.986807327
424, -104.69465414, -104.683793675, 39.970107773, 39.978468063
425, -104.651331704, -104.640471239, 39.970106759, 39.978467049
426, -104.705476211, -104.694617063, 39.961767977, 39.97012828
427, -104.640496507, -104.629637359, 39.961766458, 39.97012676
428, -104.716298281, -104.70544045, 39.95342817, 39.961788484
429, -104.629663942, -104.618806111, 39.953426144, 39.961786458
430, -104.727120351, -104.716263836, 39.945088351, 39.953448677
431, -104.618834007, -104.607977493, 39.945085819, 39.953446145
432, -104.737942421, -104.727087222, 39.936748519, 39.945108857
433, -104.6080067, -104.597151502, 39.936745482, 39.94510582
434, -104.748764491, -104.737910608, 39.928408676, 39.936769025
435, -104.597182021, -104.586328138, 39.928405134, 39.936765483
436, -104.759586561, -104.748733993, 39.92006882, 39.928429182
437, -104.586359967, -104.575507399, 39.920064774, 39.928425135
438, -104.770408632, -104.759557377, 39.911728953, 39.920089326
439, -104.575540536, -104.564689282, 39.911724401, 39.920084775
440, -104.781230702, -104.770380761, 39.903389073, 39.911749459
441, -104.564723727, -104.553873787, 39.903384018, 39.911744403
442, -104.792052772, -104.781204144, 39.895049182, 39.903409579
443, -104.553909539, -104.543060912, 39.895043622, 39.903404019
444, -104.802874842, -104.792027527, 39.886709278, 39.895069687
445, -104.543097969, -104.532250655, 39.886703215, 39.895063624
446, -104.813696912, -104.802850909, 39.878369363, 39.886729783
447, -104.532289016, -104.521443015, 39.878362796, 39.886723217
448, -104.824518982, -104.813674291, 39.870029435, 39.878389868
449, -104.521482679, -104.510637989, 39.870022365, 39.878382798
450, -104.835341053, -104.824497672, 39.861689495, 39.87004994
451, -104.824518982, -104.813676912, 39.853349555, 39.861710012
452, -104.813696912, -104.802856152, 39.845009616, 39.853370084
453, -104.802874842, -104.792035391, 39.836669676, 39.845030156
454, -104.792052772, -104.78121463, 39.828329736, 39.836690229
455, -104.781230702, -104.770393868, 39.819989797, 39.828350301
456, -104.770408632, -104.759573105, 39.811649857, 39.820010373
457, -104.759586561, -104.748752342, 39.803309917, 39.811670445
458, -104.748764491, -104.737931579, 39.794969978, 39.803330517
459, -104.737942421, -104.727110815, 39.786630038, 39.79499059
460, -104.727120351, -104.71629005, 39.778290098, 39.786650662
461, -104.716298281, -104.705469285, 39.769950159, 39.778310734
462, -104.705476211, -104.694648519, 39.761610219, 39.769970806
463, -104.69465414, -104.683827752, 39.753270279, 39.761630878
464, -104.68383207, -104.673006986, 39.74493034, 39.75329095
465, -104.67301, -104.662186218, 39.7365904, 39.744951023
466, -104.662206218, -104.651381134, 39.744929837, 39.753290448
467, -104.651399831, -104.640573443, 39.753269273, 39.761629872
468, -104.640590836, -104.629763145, 39.76160871, 39.769969297
469, -104.629779233, -104.618950237, 39.769948146, 39.778308721
470, -104.61896502, -104.608134719, 39.778287582, 39.786648145
471, -104.608148194, -104.597316588, 39.786627017, 39.794987569
472, -104.597328755, -104.586495843, 39.794966452, 39.803326992
473, -104.586506701, -104.575672482, 39.803305887, 39.811666415
474, -104.575682029, -104.564846504, 39.811645322, 39.820005838
475, -104.56485474, -104.554017907, 39.819984756, 39.82834526
476, -104.55402483, -104.543186689, 39.82832419, 39.836684682
477, -104.543192298, -104.532352848, 39.836663624, 39.845024104
478, -104.532357143, -104.521516384, 39.845003057, 39.853363525
479, -104.521519363, -104.510677294, 39.85334249, 39.861702947
480, -104.510678956, -104.499835576, 39.861681923, 39.870042368
481, -104.67301, -104.662145579, 39.995127087, 40.003487341
482, -104.68383207, -104.672968968, 39.986787327, 39.995147594
483, -104.662168216, -104.651305114, 39.98678682, 39.995147087
484, -104.69465414, -104.683792357, 39.978447556, 39.986807834
485, -104.651329069, -104.640467286, 39.978446542, 39.986806821
486, -104.705476211, -104.694615745, 39.970107773, 39.978468063
487, -104.640492556, -104.629632091, 39.970106253, 39.978466543
488, -104.716298281, -104.705439133, 39.961767977, 39.97012828
489, -104.629658676, -104.618799529, 39.961765951, 39.970126253
490, -104.727120351, -104.71626252, 39.95342817, 39.961788484
491, -104.618827428, -104.607969597, 39.953425638, 39.961785952
492, -104.737942421, -104.727085907, 39.945088351, 39.953448677
493, -104.607998809, -104.597142295, 39.945085313, 39.953445639
494, -104.748764491, -104.737909293, 39.936748519, 39.945108857
495, -104.597172818, -104.586317619, 39.936744976, 39.945105314
496, -104.759586561, -104.748732678, 39.928408676, 39.936769025
497, -104.586349453, -104.57549557, 39.928404628, 39.936764977
498, -104.770408632, -104.759556063, 39.92006882, 39.928429182
499, -104.575528713, -104.564676145, 39.920064268, 39.928424629
500, -104.781230702, -104.770379447, 39.911728953, 39.920089326
501, -104.564710596, -104.553859342, 39.911723896, 39.920084269
502, -104.792052772, -104.781202831, 39.903389073, 39.911749459
503, -104.5538951, -104.543045161, 39.903383512, 39.911743897
504, -104.802874842, -104.792026215, 39.895049182, 39.903409579
505, -104.543082225, -104.532233598, 39.895043117, 39.903403514
506, -104.813696912, -104.802849597, 39.886709278, 39.895069687
507, -104.532271967, -104.521424653, 39.88670271, 39.895063119
508, -104.824518982, -104.81367298, 39.878369363, 39.886729783
509, -104.521464326, -104.510618324, 39.878362291, 39.886722712
510, -104.835341053, -104.824496361, 39.870029435, 39.878389868
511, -104.5106593, -104.499814609, 39.87002186, 39.878382293
512, -104.846163123, -104.835319742, 39.861689495, 39.87004994
513, -104.835341053, -104.824498983, 39.853349555, 39.861710012
514, -104.824518982, -104.813678222, 39.845009616, 39.853370084
515, -104.813696912, -104.802857461, 39.836669676, 39.845030156
516, -104.802874842, -104.7920367, 39.828329736, 39.836690229
517, -104.792052772, -104.781215938, 39.819989797, 39.828350301
518, -104.781230702, -104.770395176, 39.811649857, 39.820010373
519, -104.770408632, -104.759574412, 39.803309917, 39.811670445
520, -104.759586561, -104.748753649, 39.794969978, 39.803330517
521, -104.748764491, -104.737932885, 39.786630038, 39.79499059
522, -104.737942421, -104.72711212, 39.778290098, 39.786650662
523, -104.727120351, -104.716291355, 39.769950159, 39.778310734
524, -104.716298281, -104.705470589, 39.761610219, 39.769970806
525, -104.705476211, -104.694649823, 39.753270279, 39.761630878
526, -104.69465414, -104.683829056, 39.74493034, 39.75329095
527, -104.68383207, -104.673008288, 39.7365904, 39.744951023
528, -104.67301, -104.66218752, 39.72825046, 39.736611095
529, -104.66220752, -104.651383738, 39.736589897, 39.74495052
530, -104.651402436, -104.640577352, 39.744929334, 39.753289945
531, -104.640594746, -104.629768358, 39.753268771, 39.76162937
532, -104.629784448, -104.618956757, 39.761608207, 39.769968794
533, -104.618971542, -104.608142546, 39.769947643, 39.778308218
534, -104.608156024, -104.597325723, 39.778287078, 39.786647642
535, -104.597337893, -104.586506287, 39.786626514, 39.794987065
536, -104.586517149, -104.575684237, 39.794965949, 39.803326488
537, -104.575693789, -104.56485957, 39.803305383, 39.811665911
538, -104.564867811, -104.554032285, 39.811644818, 39.820005334
539, -104.554039214, -104.543202381, 39.819984252, 39.828344756
540, -104.543207997, -104.532369855, 39.828323686, 39.836684178
541, -104.532374157, -104.521534707, 39.836663119, 39.8450236
542, -104.521537693, -104.510696934, 39.845002552, 39.853363021
543, -104.510698603, -104.499856535, 39.853341985, 39.861702442
544, -104.499856887, -104.489013507, 39.861681418, 39.870041863
545, -104.67301, -104.662144259, 40.003466834, 40.011827076
546, -104.68383207, -104.672967649, 39.995127087, 40.003487341
547, -104.662166898, -104.651302477, 39.995126579, 40.003486834
548, -104.69465414, -104.683791038, 39.986787327, 39.995147594
549, -104.651326433, -104.640463331, 39.986786313, 39.99514658
550, -104.705476211, -104.694614427, 39.978447556, 39.986807834
551, -104.640488604, -104.62962682, 39.978446035, 39.986806314
552, -104.716298281, -104.705437815, 39.970107773, 39.978468063
553, -104.629653408, -104.618792943, 39.970105746, 39.978466036
554, -104.727120351, -104.716261203, 39.961767977, 39.97012828
555, -104.618820845, -104.607961698, 39.961765444, 39.970125747
556, -104.737942421, -104.72708459, 39.95342817, 39.961788484
557, -104.607990913, -104.597133083, 39.953425131, 39.961785445
558, -104.748764491, -104.737907977, 39.945088351, 39.953448677
559, -104.59716361, -104.586307096, 39.945084807, 39.953445132
560, -104.759586561, -104.748731363, 39.936748519, 39.945108857
561, -104.586338935, -104.575483737, 39.93674447, 39.945104808
562, -104.770408632, -104.759554748, 39.928408676, 39.936769025
563, -104.575516885, -104.564663002, 39.928404122, 39.936764471
564, -104.781230702, -104.770378133, 39.92006882, 39.928429182
565, -104.564697459, -104.553844891, 39.920063762, 39.928424123
566, -104.792052772, -104.781201518, 39.911728953, 39.920089326
567, -104.553880656, -104.543029402, 39.91172339, 39.920083763
568, -104.802874842, -104.792024901, 39.903389073, 39.911749459
569, -104.543066474, -104.532216534, 39.903383007, 39.911743392
570, -104.813696912, -104.802848285, 39.895049182, 39.903409579
571, -104.53225491, -104.521406284, 39.895042611, 39.903403009
572, -104.824518982, -104.813671668, 39.886709278, 39.895069687
573, -104.521445965, -104.510598651, 39.886702204, 39.895062613
574, -104.835341053, -104.82449505, 39.878369363, 39.886729783
575, -104.510639635, -104.499793634, 39.878361786, 39.886722207
576, -104.846163123, -104.835318431, 39.870029435, 39.878389868
577, -104.49983592, -104.48899123, 39.870021355, 39.878381788
578, -104.856985193, -104.846141813, 39.861689495, 39.87004994
579, -104.846163123, -104.835321053, 39.853349555, 39.861710012
580, -104.835341053, -104.824500292, 39.845009616, 39.853370084
581, -104.824518982, -104.813679532, 39.836669676, 39.845030156
582, -104.813696912, -104.80285877, 39.828329736, 39.836690229
583, -104.802874842, -104.792038008, 39.819989797, 39.828350301
584, -104.792052772, -104.781217246, 39.811649857, 39.820010373
585, -104.781230702, -104.770396483, 39.803309917, 39.811670445
586, -104.770408632, -104.759575719, 39.794969978, 39.803330517
587, -104.759586561, -104.748754955, 39.786630038, 39.79499059
588, -104.748764491, -104.73793419, 39.778290098, 39.786650662
589, -104.737942421, -104.727113425, 39.769950159, 39.778310734
590, -104.727120351, -104.716292659, 39.761610219, 39.769970806
591, -104.716298281, -104.705471893, 39.753270279, 39.761630878
592, -104.705476211, -104.694651126, 39.74493034, 39.75329095
593, -104.69465414, -104.683830358, 39.7365904, 39.744951023
594, -104.68383207, -104.673009591, 39.72825046, 39.736611095
595, -104.67301, -104.662188822, 39.71991052, 39.728271167
596, -104.662208822, -104.651386342, 39.728249958, 39.736610592
597, -104.651405041, -104.640581259, 39.736589395, 39.744950017
598, -104.640598654, -104.62977357, 39.744928831, 39.753289442
599, -104.629789662, -104.618963274, 39.753268268, 39.761628867
600, -104.618978061, -104.608150369, 39.761607704, 39.769968291
601, -104.60816385, -104.597334854, 39.769947139, 39.778307715
602, -104.597347028, -104.586516727, 39.778286575, 39.786647138
603, -104.586527593, -104.575695987, 39.78662601, 39.794986562
604, -104.575705543, -104.564872631, 39.794965445, 39.803325985
605, -104.564880877, -104.554046658, 39.80330488, 39.811665407
606, -104.554053592, -104.543218067, 39.811644314, 39.82000483
607, -104.543223689, -104.532386856, 39.819983748, 39.828344252
608, -104.532391164, -104.521553022, 39.828323181, 39.836683674
609, -104.521556016, -104.510716566, 39.836662615, 39.845023095
610, -104.510718243, -104.499877484, 39.845002048, 39.853362516
611, -104.499877844, -104.489035776, 39.853341481, 39.861701937
612, -104.489034818, -104.478191439, 39.861680913, 39.870041358
613, -104.67301, -104.662142939, 40.011806569, 40.0201668
614, -104.68383207, -104.672966329, 40.003466834, 40.011827076
615, -104.662165579, -104.651299838, 40.003466326, 40.011826569
616, -104.69465414, -104.683789719, 39.995127087, 40.003487341
617, -104.651323796, -104.640459375, 39.995126072, 40.003486327
618, -104.705476211, -104.694613108, 39.986787327, 39.995147594
619, -104.640484649, -104.629621548, 39.986785806, 39.995146073
620, -104.716298281, -104.705436497, 39.978447556, 39.986807834
621, -104.629648138, -104.618786355, 39.978445528, 39.986805807
622, -104.727120351, -104.716259885, 39.970107773, 39.978468063
623, -104.618814261, -104.607953796, 39.970105239, 39.978465529
624, -104.737942421, -104.727083273, 39.961767977, 39.97012828
625, -104.607983015, -104.597123867, 39.961764938, 39.97012524
626, -104.748764491, -104.73790666, 39.95342817, 39.961788484
627, -104.597154399, -104.586296569, 39.953424625, 39.961784939
628, -104.759586561, -104.748730047, 39.945088351, 39.953448677
629, -104.586328412, -104.575471898, 39.9450843, 39.953444626
630, -104.770408632, -104.759553433, 39.936748519, 39.945108857
631, -104.575505052, -104.564649854, 39.936743964, 39.945104302
632, -104.781230702, -104.770376818, 39.928408676, 39.936769025
633, -104.564684317, -104.553830434, 39.928403616, 39.936763965
634, -104.792052772, -104.781200203, 39.92006882, 39.928429182
635, -104.553866205, -104.543013638, 39.920063256, 39.928423617
636, -104.802874842, -104.792023588, 39.911728953, 39.920089326
637, -104.543050716, -104.532199463, 39.911722884, 39.920083258
638, -104.813696912, -104.802846972, 39.903389073, 39.911749459
639, -104.532237847, -104.521387907, 39.903382501, 39.911742886
640, -104.824518982, -104.813670355, 39.895049182, 39.903409579
641, -104.521427596, -104.51057897, 39.895042106, 39.903402503
642, -104.835341053, -104.824493738, 39.886709278, 39.895069687
643, -104.510619963, -104.499772649, 39.886701699, 39.895062108
644, -104.846163123, -104.83531712, 39.878369363, 39.886729783
645, -104.499814945, -104.488968944, 39.878361281, 39.886721702
646, -104.856985193, -104.846140502, 39.870029435, 39.878389868
647, -104.489012541, -104.478167851, 39.87002085, 39.878381283
648, -104.867807263, -104.856963883, 39.861689495, 39.87004994
649, -104.856985193, -104.846143123, 39.853349555, 39.861710012
650, -104.846163123, -104.835322363, 39.845009616, 39.853370084
651, -104.835341053, -104.824501602, 39.836669676, 39.845030156
652, -104.824518982, -104.81368084, 39.828329736, 39.836690229
653, -104.813696912, -104.802860078, 39.819989797, 39.828350301
654, -104.802874842, -104.792039316, 39.811649857, 39.820010373
655, -104.792052772, -104.781218553, 39.803309917, 39.811670445
656, -104.781230702, -104.770397789, 39.794969978, 39.803330517
657, -104.770408632, -104.759577025, 39.786630038, 39.79499059
658, -104.759586561, -104.74875626, 39.778290098, 39.786650662
659, -104.748764491, -104.737935495, 39.769950159, 39.778310734
660, -104.737942421, -104.727114729, 39.761610219, 39.769970806
661, -104.727120351, -104.716293963, 39.753270279, 39.761630878
662, -104.716298281, -104.705473196, 39.74493034, 39.75329095
663, -104.705476211, -104.694652429, 39.7365904, 39.744951023
664, -104.69465414, -104.683831661, 39.72825046, 39.736611095
665, -104.68383207, -104.673010892, 39.71991052, 39.728271167
666, -104.67301, -104.662190123, 39.711570581, 39.719931239
667, -104.662210123, -104.651388945, 39.719910018, 39.728270665
668, -104.651407644, -104.640585164, 39.728249455, 39.73661009
669, -104.640602561, -104.629778779, 39.736588892, 39.744949515
670, -104.629794873, -104.618969788, 39.744928329, 39.753288939
671, -104.618984577, -104.60815819, 39.753267765, 39.761628364
672, -104.608171673, -104.597343982, 39.761607201, 39.769967788
673, -104.597356159, -104.586527163, 39.769946636, 39.778307212
674, -104.586538032, -104.575707732, 39.778286072, 39.786646635
675, -104.575717292, -104.564885686, 39.786625507, 39.794986058
676, -104.564893937, -104.554061025, 39.794964941, 39.803325481
677, -104.554053592, -104.543219374, 39.803304374, 39.811664902
678, -104.543239374, -104.532403849, 39.81164381, 39.820004326
679, -104.532408163, -104.52157133, 39.819983244, 39.828343748
680, -104.52157433, -104.510736189, 39.828322677, 39.836683169
681, -104.510737874, -104.499898425, 39.836662111, 39.845022591
682, -104.499898793, -104.489058034, 39.845001543, 39.853362012
683, -104.489057085, -104.478215017, 39.853340976, 39.861701433
684, -104.478212749, -104.46736937, 39.861680408, 39.870040853
685, -104.67301, -104.662141618, 40.020146292, 40.028506511
686, -104.68383207, -104.672965009, 40.011806569, 40.0201668
687, -104.662164259, -104.651297198, 40.011806061, 40.020166292
688, -104.69465414, -104.683788399, 40.003466834, 40.011827076
689, -104.651321157, -104.640455416, 40.003465819, 40.011826062
690, -104.705476211, -104.694611789, 39.995127087, 40.003487341
691, -104.640480694, -104.629616273, 39.995125565, 40.003485819
692, -104.716298281, -104.705435179, 39.986787327, 39.995147594
693, -104.629642866, -104.618779764, 39.986785299, 39.995145566
694, -104.727120351, -104.716258567, 39.978447556, 39.986807834
695, -104.618807673, -104.60794589, 39.978445022, 39.9868053
696, -104.737942421, -104.727081956, 39.970107773, 39.978468063
697, -104.607975113, -104.597114648, 39.970104732, 39.978465022
698, -104.748764491, -104.737905343, 39.961767977, 39.97012828
699, -104.597145184, -104.586286037, 39.961764431, 39.970124733
700, -104.586317885, -104.575460055, 39.953424118, 39.961784432
701, -104.770408632, -104.759552117, 39.945088351, 39.953448677
702, -104.575493214, -104.5646367, 39.945083794, 39.95344412
703, -104.781230702, -104.770375503, 39.936748519, 39.945108857
704, -104.564671169, -104.553815971, 39.936743458, 39.945103795
705, -104.792052772, -104.781198889, 39.928408676, 39.936769025
706, -104.553851749, -104.542997866, 39.92840311, 39.936763459
707, -104.802874842, -104.792022274, 39.92006882, 39.928429182
708, -104.543034952, -104.532182384, 39.92006275, 39.928423112
709, -104.813696912, -104.802845658, 39.911728953, 39.920089326
710, -104.532220776, -104.521369523, 39.911722379, 39.920082752
711, -104.824518982, -104.813669042, 39.903389073, 39.911749459
712, -104.52140922, -104.510559281, 39.903381995, 39.911742381
713, -104.835341053, -104.824492425, 39.895049182, 39.903409579
714, -104.510600283, -104.499751656, 39.895041601, 39.903401998
715, -104.846163123, -104.835315808, 39.886709278, 39.895069687
716, -104.499793961, -104.488946648, 39.886701194, 39.895061603
717, -104.856985193, -104.84613919, 39.878369363, 39.886729783
718, -104.488990255, -104.478144253, 39.878360776, 39.886721196
719, -104.867807263, -104.856962572, 39.870029435, 39.878389868
720, -104.478189162, -104.467344472, 39.870020345, 39.878380778
721, -104.878629333, -104.867785953, 39.861689495, 39.87004994
722, -104.867807263, -104.856965193, 39.853349555, 39.861710012
723, -104.856985193, -104.846144433, 39.845009616, 39.853370084
724, -104.846163123, -104.835323672, 39.836669676, 39.845030156
725, -104.835341053, -104.824502911, 39.828329736, 39.836690229
726, -104.824518982, -104.813682149, 39.819989797, 39.828350301
727, -104.813696912, -104.802861386, 39.811649857, 39.820010373
728, -104.802874842, -104.792040623, 39.803309917, 39.811670445
729, -104.792052772, -104.781219859, 39.794969978, 39.803330517
730, -104.781230702, -104.770399095, 39.786630038, 39.79499059
731, -104.770408632, -104.759578331, 39.778290098, 39.786650662
732, -104.759586561, -104.748757565, 39.769950159, 39.778310734
733, -104.748764491, -104.737936799, 39.761610219, 39.769970806
734, -104.737942421, -104.727116033, 39.753270279, 39.761630878
735, -104.727120351, -104.716295266, 39.74493034, 39.75329095
736, -104.716298281, -104.705474499, 39.7365904, 39.744951023
737, -104.705476211, -104.694653731, 39.72825046, 39.736611095
738, -104.69465414, -104.683832962, 39.71991052, 39.728271167
739, -104.68383207, -104.673012193, 39.711570581, 39.719931239
740, -104.67301, -104.662191424, 39.703230641, 39.711591311
741, -104.662211424, -104.651391547, 39.711570079, 39.719930737
742, -104.651410246, -104.640589068, 39.719909516, 39.728270162
743, -104.640606466, -104.629783987, 39.728248953, 39.736609587
744, -104.629800082, -104.6189763, 39.736588389, 39.744949012
745, -104.618991091, -104.608166007, 39.744927826, 39.753288437
746, -104.608179493, -104.597353106, 39.753267262, 39.761627861
747, -104.597365286, -104.586537594, 39.761606698, 39.769967285
748, -104.586548467, -104.575719472, 39.769946133, 39.778306708
749, -104.575729037, -104.564898736, 39.778285568, 39.786646132
750, -104.564906992, -104.554075386, 39.786625003, 39.794985555
751, -104.554082331, -104.543249419, 39.794964438, 39.803324977
752, -104.543240681, -104.532406462, 39.80330387, 39.811664398
753, -104.532425156, -104.52158963, 39.811643306, 39.820003822
754, -104.521592638, -104.510755805, 39.81998274, 39.828343244
755, -104.510757498, -104.499919357, 39.828322173, 39.836682665
756, -104.499919733, -104.489080284, 39.836661606, 39.845022086
757, -104.489079343, -104.478238585, 39.845001039, 39.853361507
758, -104.478236326, -104.467394258, 39.853340471, 39.861700928
759, -104.46739068, -104.456547301, 39.861679904, 39.870040348
760, -104.67301, -104.662140297, 40.028486003, 40.03684621
761, -104.68383207, -104.672963688, 40.020146292, 40.028506511
762, -104.662162939, -104.651294557, 40.020145784, 40.028506003
763, -104.69465414, -104.683787079, 40.011806569, 40.0201668
764, -104.651318518, -104.640451457, 40.011805554, 40.020165785
765, -104.705476211, -104.69461047, 40.003466834, 40.011827076
766, -104.640476736, -104.629610995, 40.003465312, 40.011825554
767, -104.716298281, -104.705433859, 39.995127087, 40.003487341
768, -104.629637592, -104.618773171, 39.995125058, 40.003485312
769, -104.727120351, -104.716257249, 39.986787327, 39.995147594
770, -104.618801083, -104.607937981, 39.986784792, 39.995145058
771, -104.737942421, -104.727080638, 39.978447556, 39.986807834
772, -104.607967208, -104.597105425, 39.978444515, 39.986804793
773, -104.748764491, -104.737904026, 39.970107773, 39.978468063
774, -104.597135965, -104.586275501, 39.970104226, 39.978464516
775, -104.586307354, -104.575448206, 39.961763925, 39.970124227
776, -104.575481371, -104.564623541, 39.953423612, 39.961783926
777, -104.781230702, -104.770374187, 39.945088351, 39.953448677
778, -104.564658016, -104.553801502, 39.945083288, 39.953443614
779, -104.792052772, -104.781197573, 39.936748519, 39.945108857
780, -104.553837286, -104.542982089, 39.936742952, 39.945103289
781, -104.802874842, -104.792020959, 39.928408676, 39.936769025
782, -104.543019181, -104.532165299, 39.928402604, 39.936762953
783, -104.813696912, -104.802844344, 39.92006882, 39.928429182
784, -104.532203698, -104.521351131, 39.920062244, 39.928422606
785, -104.824518982, -104.813667728, 39.911728953, 39.920089326
786, -104.521390836, -104.510539583, 39.911721873, 39.920082246
787, -104.835341053, -104.824491112, 39.903389073, 39.911749459
788, -104.510580594, -104.499730654, 39.90338149, 39.911741875
789, -104.846163123, -104.835314495, 39.895049182, 39.903409579
790, -104.499772969, -104.488924342, 39.895041095, 39.903401492
791, -104.856985193, -104.846137878, 39.886709278, 39.895069687
792, -104.48896796, -104.478120646, 39.886700689, 39.895061098
793, -104.867807263, -104.85696126, 39.878369363, 39.886729783
794, -104.478165565, -104.467319563, 39.87836027, 39.886720691
795, -104.878629333, -104.867784642, 39.870029435, 39.878389868
796, -104.467365783, -104.456521093, 39.87001984, 39.878380273
797, -104.889451404, -104.878608023, 39.861689495, 39.87004994
798, -104.878629333, -104.867787263, 39.853349555, 39.861710012
799, -104.867807263, -104.856966503, 39.845009616, 39.853370084
800, -104.856985193, -104.846145742, 39.836669676, 39.845030156
801, -104.846163123, -104.835324981, 39.828329736, 39.836690229
802, -104.835341053, -104.824504219, 39.819989797, 39.828350301
803, -104.824518982, -104.813683456, 39.811649857, 39.820010373
804, -104.813696912, -104.802862693, 39.803309917, 39.811670445
805, -104.802874842, -104.79204193, 39.794969978, 39.803330517
806, -104.792052772, -104.781221165, 39.786630038, 39.79499059
807, -104.781230702, -104.770400401, 39.778290098, 39.786650662
808, -104.770408632, -104.759579635, 39.769950159, 39.778310734
809, -104.759586561, -104.74875887, 39.761610219, 39.769970806
810, -104.748764491, -104.737938103, 39.753270279, 39.761630878
811, -104.737942421, -104.727117336, 39.74493034, 39.75329095
812, -104.727120351, -104.716296569, 39.7365904, 39.744951023
813, -104.716298281, -104.705475801, 39.72825046, 39.736611095
814, -104.705476211, -104.694655033, 39.71991052, 39.728271167
815, -104.69465414, -104.683834264, 39.711570581, 39.719931239
816, -104.68383207, -104.673013494, 39.703230641, 39.711591311
817, -104.67301, -104.662192724, 39.694890701, 39.703251384
818, -104.662212724, -104.651394147, 39.703230139, 39.711590809
819, -104.651412847, -104.640592971, 39.711569576, 39.719930235
820, -104.640610369, -104.629789192, 39.719909014, 39.72826966
821, -104.629805288, -104.618982809, 39.72824845, 39.736609085
822, -104.618997602, -104.608173821, 39.736587887, 39.74494851
823, -104.608187309, -104.597362225, 39.744927323, 39.753287934
824, -104.597374409, -104.586548021, 39.753266759, 39.761627358
825, -104.586558898, -104.575731207, 39.761606195, 39.769966782
826, -104.575740776, -104.564911781, 39.76994563, 39.778306205
827, -104.564920041, -104.554089741, 39.778285065, 39.786645628
828, -104.554096691, -104.543265086, 39.7866245, 39.794985051
829, -104.543270725, -104.532437814, 39.794963934, 39.803324474
830, -104.532427769, -104.521593551, 39.803303367, 39.811663894
831, -104.521610937, -104.510775412, 39.811642802, 39.820003318
832, -104.510777113, -104.49994028, 39.819982236, 39.82834274
833, -104.499940665, -104.489102524, 39.828321669, 39.836682161
834, -104.489101592, -104.478262143, 39.836661102, 39.845021582
835, -104.478259894, -104.467419135, 39.845000534, 39.853361003
836, -104.467415567, -104.456573499, 39.853339967, 39.861700423
837, -104.456568612, -104.445725233, 39.861679399, 39.870039843
838, -104.67301, -104.662138975, 40.036825702, 40.045185897
839, -104.68383207, -104.672962367, 40.028486003, 40.03684621
840, -104.662161618, -104.651291914, 40.028485495, 40.036845702
841, -104.69465414, -104.683785758, 40.020146292, 40.028506511
842, -104.651315877, -104.640447495, 40.020145277, 40.028505495
843, -104.705476211, -104.694609149, 40.011806569, 40.0201668
844, -104.640472777, -104.629605716, 40.011805046, 40.020165277
845, -104.716298281, -104.70543254, 40.003466834, 40.011827076
846, -104.629632315, -104.618766574, 40.003464804, 40.011825047
847, -104.727120351, -104.71625593, 39.995127087, 40.003487341
848, -104.61879449, -104.607930069, 39.995124551, 40.003484805
849, -104.737942421, -104.727079319, 39.986787327, 39.995147594
850, -104.6079593, -104.597096198, 39.986784285, 39.995144551
851, -104.748764491, -104.737902708, 39.978447556, 39.986807834
852, -104.597126743, -104.58626496, 39.978444008, 39.986804286
853, -104.586296818, -104.575436353, 39.970103719, 39.978464009
854, -104.575469523, -104.564610376, 39.961763418, 39.97012372
855, -104.564644857, -104.553787027, 39.953423106, 39.96178342
856, -104.792052772, -104.781196257, 39.945088351, 39.953448677
857, -104.553822818, -104.542966304, 39.945082781, 39.953443107
858, -104.802874842, -104.792019643, 39.936748519, 39.945108857
859, -104.543003404, -104.532148206, 39.936742445, 39.945102783
860, -104.813696912, -104.802843029, 39.928408676, 39.936769025
861, -104.532186613, -104.521332731, 39.928402098, 39.936762447
862, -104.824518982, -104.813666414, 39.92006882, 39.928429182
863, -104.521372445, -104.510519877, 39.920061738, 39.9284221
864, -104.835341053, -104.824489798, 39.911728953, 39.920089326
865, -104.510560897, -104.499709644, 39.911721367, 39.920081741
866, -104.846163123, -104.835313182, 39.903389073, 39.911749459
867, -104.499751967, -104.488902028, 39.903380984, 39.91174137
868, -104.856985193, -104.846136566, 39.895049182, 39.903409579
869, -104.488945655, -104.478097029, 39.89504059, 39.903400987
870, -104.867807263, -104.856959948, 39.886709278, 39.895069687
871, -104.478141958, -104.467294644, 39.886700183, 39.895060592
872, -104.878629333, -104.86778333, 39.878369363, 39.886729783
873, -104.467340875, -104.456494873, 39.878359765, 39.886720186
874, -104.889451404, -104.878606712, 39.870029435, 39.878389868
875, -104.456542404, -104.445697714, 39.870019336, 39.878379768
876, -104.900273474, -104.889430093, 39.861689495, 39.87004994
877, -104.889451404, -104.878609334, 39.853349555, 39.861710012
878, -104.878629333, -104.867788573, 39.845009616, 39.853370084
879, -104.867807263, -104.856967812, 39.836669676, 39.845030156
880, -104.856985193, -104.846147051, 39.828329736, 39.836690229
881, -104.846163123, -104.835326289, 39.819989797, 39.828350301
882, -104.835341053, -104.824505526, 39.811649857, 39.820010373
883, -104.824518982, -104.813684763, 39.803309917, 39.811670445
884, -104.813696912, -104.802864, 39.794969978, 39.803330517
885, -104.802874842, -104.792043236, 39.786630038, 39.79499059
886, -104.792052772, -104.781222471, 39.778290098, 39.786650662
887, -104.781230702, -104.770401706, 39.769950159, 39.778310734
888, -104.770408632, -104.75958094, 39.761610219, 39.769970806
889, -104.759586561, -104.748760174, 39.753270279, 39.761630878
890, -104.748764491, -104.737939407, 39.74493034, 39.75329095
891, -104.737942421, -104.727118639, 39.7365904, 39.744951023
892, -104.727120351, -104.716297871, 39.72825046, 39.736611095
893, -104.716298281, -104.705477103, 39.71991052, 39.728271167
894, -104.705476211, -104.694656334, 39.711570581, 39.719931239
895, -104.69465414, -104.683835564, 39.703230641, 39.711591311
896, -104.68383207, -104.673014794, 39.694890701, 39.703251384
897, -104.67301, -104.662194023, 39.686550762, 39.694911456
898, -104.662214023, -104.651396747, 39.6948902, 39.703250882
899, -104.651415447, -104.640596871, 39.703229637, 39.711590307
900, -104.640614271, -104.629794395, 39.711569074, 39.719929733
901, -104.629810493, -104.618989315, 39.719908511, 39.728269158
902, -104.61900411, -104.608181631, 39.728247948, 39.736608583
903, -104.608195123, -104.597371341, 39.736587384, 39.744948007
904, -104.597383528, -104.586558444, 39.74492682, 39.753287431
905, -104.586569325, -104.575742937, 39.753266256, 39.761626855
906, -104.575752511, -104.56492482, 39.761605692, 39.769966279
907, -104.564933085, -104.55410409, 39.769945127, 39.778305702
908, -104.554111046, -104.543280745, 39.778284562, 39.786645125
909, -104.543286391, -104.532454785, 39.786623996, 39.794984548
910, -104.532459119, -104.521626208, 39.79496343, 39.80332397
911, -104.521614857, -104.510780639, 39.803302863, 39.811663391
912, -104.510796719, -104.499961194, 39.811642298, 39.820002814
913, -104.499961587, -104.489124755, 39.819981731, 39.828342236
914, -104.489123832, -104.478285691, 39.828321165, 39.836681657
915, -104.478283451, -104.467444002, 39.836660597, 39.845021078
916, -104.467440444, -104.456599685, 39.84500003, 39.853360498
917, -104.456594809, -104.44575274, 39.853339462, 39.861699919
918, -104.445746543, -104.434903164, 39.861678894, 39.870039339
919, -104.67301, -104.662137652, 40.045165389, 40.053525572
920, -104.68383207, -104.672961045, 40.036825702, 40.045185897
921, -104.662160296, -104.651289271, 40.036825194, 40.045185389
922, -104.69465414, -104.683784437, 40.028486003, 40.03684621
923, -104.651313236, -104.640443532, 40.028484987, 40.036845194
924, -104.705476211, -104.694607828, 40.020146292, 40.028506511
925, -104.640468816, -104.629600434, 40.020144769, 40.028504988
926, -104.716298281, -104.705431219, 40.011806569, 40.0201668
927, -104.629627036, -104.618759975, 40.011804539, 40.02016477
928, -104.727120351, -104.71625461, 40.003466834, 40.011827076
929, -104.618787894, -104.607922153, 40.003464297, 40.01182454
930, -104.737942421, -104.727078, 39.995127087, 40.003487341
931, -104.607951388, -104.597086967, 39.995124043, 40.003484298
932, -104.748764491, -104.737901389, 39.986787327, 39.995147594
933, -104.597117516, -104.586254415, 39.986783778, 39.995144044
934, -104.586286278, -104.575424495, 39.978443501, 39.986803779
935, -104.575457671, -104.564597206, 39.970103212, 39.978463502
936, -104.564631693, -104.553772546, 39.961762911, 39.970123214
937, -104.553808343, -104.542950513, 39.953422599, 39.961782913
938, -104.802874842, -104.792018328, 39.945088351, 39.953448677
939, -104.54298762, -104.532131106, 39.945082275, 39.953442601
940, -104.813696912, -104.802841714, 39.936748519, 39.945108857
941, -104.532169521, -104.521314324, 39.936741939, 39.945102277
942, -104.824518982, -104.813665099, 39.928408676, 39.936769025
943, -104.521354046, -104.510500164, 39.928401592, 39.936761941
944, -104.835341053, -104.824488484, 39.92006882, 39.928429182
945, -104.510541192, -104.499688624, 39.920061233, 39.928421594
946, -104.846163123, -104.835311869, 39.911728953, 39.920089326
947, -104.499730957, -104.488879704, 39.911720862, 39.920081235
948, -104.856985193, -104.846135252, 39.903389073, 39.911749459
949, -104.488923341, -104.478073402, 39.903380479, 39.911740864
950, -104.867807263, -104.856958636, 39.895049182, 39.903409579
951, -104.478118341, -104.467269715, 39.895040084, 39.903400481
952, -104.878629333, -104.867782018, 39.886709278, 39.895069687
953, -104.467315956, -104.456468643, 39.886699678, 39.895060087
954, -104.889451404, -104.878605401, 39.878369363, 39.886729783
955, -104.456516185, -104.445670183, 39.87835926, 39.886719681
956, -104.900273474, -104.889428782, 39.870029435, 39.878389868
957, -104.445719025, -104.434874335, 39.870018831, 39.878379263
958, -104.911095544, -104.900252163, 39.861689495, 39.87004994
959, -104.900273474, -104.889431404, 39.853349555, 39.861710012
960, -104.889451404, -104.878610643, 39.845009616, 39.853370084
961, -104.878629333, -104.867789882, 39.836669676, 39.845030156
962, -104.867807263, -104.856969121, 39.828329736, 39.836690229
963, -104.856985193, -104.846148359, 39.819989797, 39.828350301
964, -104.846163123, -104.835327597, 39.811649857, 39.820010373
965, -104.835341053, -104.824506834, 39.803309917, 39.811670445
966, -104.824518982, -104.81368607, 39.794969978, 39.803330517
967, -104.813696912, -104.802865306, 39.786630038, 39.79499059
968, -104.802874842, -104.792044541, 39.778290098, 39.786650662
969, -104.792052772, -104.781223776, 39.769950159, 39.778310734
970, -104.781230702, -104.77040301, 39.761610219, 39.769970806
971, -104.770408632, -104.759582244, 39.753270279, 39.761630878
972, -104.759586561, -104.748761477, 39.74493034, 39.75329095
973, -104.748764491, -104.737940709, 39.7365904, 39.744951023
974, -104.737942421, -104.727119941, 39.72825046, 39.736611095
975, -104.727120351, -104.716299173, 39.71991052, 39.728271167
976, -104.716298281, -104.705478404, 39.711570581, 39.719931239
977, -104.705476211, -104.694657634, 39.703230641, 39.711591311
978, -104.69465414, -104.683836864, 39.694890701, 39.703251384
979, -104.68383207, -104.673016093, 39.686550762, 39.694911456
980, -104.67301, -104.662195322, 39.678210822, 39.686571528
981, -104.662215322, -104.651399345, 39.68655026, 39.694910954
982, -104.651418046, -104.64060077, 39.694889698, 39.70325038
983, -104.640618171, -104.629799595, 39.703229135, 39.711589805
984, -104.629815695, -104.618995819, 39.711568572, 39.719929231
985, -104.619010616, -104.608189439, 39.719908009, 39.728268655
986, -104.608202933, -104.597380454, 39.728247445, 39.73660808
987, -104.597392644, -104.586568862, 39.736586882, 39.744947504
988, -104.586579747, -104.575754663, 39.744926318, 39.753286928
989, -104.57576424, -104.564937853, 39.753265753, 39.761626352
990, -104.564946123, -104.554118432, 39.761605189, 39.769965776
991, -104.554125394, -104.543296399, 39.769944624, 39.778305199
992, -104.54330205, -104.53247175, 39.778284058, 39.786644622
993, -104.532476091, -104.521644485, 39.786623493, 39.794984044
994, -104.521647514, -104.510814602, 39.794962927, 39.803323466
995, -104.510801946, -104.499967728, 39.803302359, 39.811662887
996, -104.499982501, -104.489146976, 39.811641794, 39.82000231
997, -104.489146062, -104.47830923, 39.819981227, 39.828341731
998, -104.478306999, -104.467468858, 39.82832066, 39.836681153
999, -104.467465311, -104.456625861, 39.836660093, 39.845020573
1000, -104.456620995, -104.445780236, 39.844999525, 39.853359994
1001, -104.44577405, -104.434931981, 39.853338957, 39.861699414
1002, -104.434924474, -104.424081096, 39.861678389, 39.870038834
1003, -104.67301, -104.662136329, 40.053505064, 40.061865235
1004, -104.68383207, -104.672959722, 40.045165389, 40.053525572
1005, -104.662158975, -104.651286627, 40.045164881, 40.053525064
1006, -104.69465414, -104.683783115, 40.036825702, 40.045185897
1007, -104.651310593, -104.640439568, 40.036824686, 40.045184881
1008, -104.705476211, -104.694606507, 40.028486003, 40.03684621
1009, -104.640464854, -104.629595151, 40.02848448, 40.036844687
1010, -104.716298281, -104.705429899, 40.020146292, 40.028506511
1011, -104.629621755, -104.618753373, 40.020144261, 40.02850448
1012, -104.727120351, -104.71625329, 40.011806569, 40.0201668
1013, -104.618781295, -104.607914234, 40.011804031, 40.020164262
1014, -104.737942421, -104.72707668, 40.003466834, 40.011827076
1015, -104.607943473, -104.597077732, 40.00346379, 40.011824032
1016, -104.748764491, -104.73790007, 39.995127087, 40.003487341
1017, -104.597108286, -104.586243865, 39.995123536, 40.003483791
1018, -104.586275733, -104.575412632, 39.986783271, 39.995143537
1019, -104.564618523, -104.553758059, 39.970102705, 39.978462995
1020, -104.553793863, -104.542934716, 39.961762405, 39.970122707
1021, -104.54297183, -104.532114, 39.953422093, 39.961782407
1022, -104.813696912, -104.802840398, 39.945088351, 39.953448677
1023, -104.532152422, -104.521295909, 39.945081769, 39.953442095
1024, -104.824518982, -104.813663784, 39.936748519, 39.945108857
1025, -104.521335639, -104.510480441, 39.936741433, 39.945101771
1026, -104.835341053, -104.824487169, 39.928408676, 39.936769025
1027, -104.510521478, -104.499667596, 39.928401086, 39.936761435
1028, -104.846163123, -104.835310554, 39.92006882, 39.928429182
1029, -104.499709938, -104.488857371, 39.920060727, 39.928421088
1030, -104.856985193, -104.846133939, 39.911728953, 39.920089326
1031, -104.488901018, -104.478049765, 39.911720356, 39.920080729
1032, -104.867807263, -104.856957323, 39.903389073, 39.911749459
1033, -104.478094715, -104.467244775, 39.903379973, 39.911740358
1034, -104.878629333, -104.867780706, 39.895049182, 39.903409579
1035, -104.467291028, -104.456442402, 39.895039579, 39.903399976
1036, -104.889451404, -104.878604089, 39.886709278, 39.895069687
1037, -104.456489955, -104.445642641, 39.886699173, 39.895059582
1038, -104.900273474, -104.889427471, 39.878369363, 39.886729783
1039, -104.445691495, -104.434845493, 39.878358755, 39.886719176
1040, -104.911095544, -104.900250853, 39.870029435, 39.878389868
1041, -104.434895646, -104.424050956, 39.870018326, 39.878378758
1042, -104.921917614, -104.911074234, 39.861689495, 39.87004994
1043, -104.911095544, -104.900253474, 39.853349555, 39.861710012
1044, -104.900273474, -104.889432714, 39.845009616, 39.853370084
1045, -104.889451404, -104.878611953, 39.836669676, 39.845030156
1046, -104.878629333, -104.867791191, 39.828329736, 39.836690229
1047, -104.867807263, -104.856970429, 39.819989797, 39.828350301
1048, -104.856985193, -104.846149667, 39.811649857, 39.820010373
1049, -104.846163123, -104.835328904, 39.803309917, 39.811670445
1050, -104.835341053, -104.82450814, 39.794969978, 39.803330517
1051, -104.824518982, -104.813687376, 39.786630038, 39.79499059
1052, -104.813696912, -104.802866611, 39.778290098, 39.786650662
1053, -104.802874842, -104.792045846, 39.769950159, 39.778310734
1054, -104.792052772, -104.78122508, 39.761610219, 39.769970806
1055, -104.781230702, -104.770404314, 39.753270279, 39.761630878
1056, -104.770408632, -104.759583547, 39.74493034, 39.75329095
1057, -104.759586561, -104.74876278, 39.7365904, 39.744951023
1058, -104.748764491, -104.737942012, 39.72825046, 39.736611095
1059, -104.727120351, -104.716300474, 39.711570581, 39.719931239
1060, -104.716298281, -104.705479704, 39.703230641, 39.711591311
1061, -104.705476211, -104.694658934, 39.694890701, 39.703251384
1062, -104.69465414, -104.683838164, 39.686550762, 39.694911456
1063, -104.68383207, -104.673017392, 39.678210822, 39.686571528
1064, -104.67301, -104.662196621, 39.669870882, 39.6782316
1065, -104.662216621, -104.651401943, 39.67821032, 39.686571026
1066, -104.651420644, -104.640604668, 39.686549758, 39.694910452
1067, -104.64062207, -104.629804794, 39.694889196, 39.703249878
1068, -104.629820895, -104.619002319, 39.703228633, 39.711589303
1069, -104.619017119, -104.608197243, 39.71156807, 39.719928728
1070, -104.60821074, -104.597389562, 39.719907507, 39.728268153
1071, -104.597401755, -104.586579276, 39.728246943, 39.736607578
1072, -104.586590164, -104.575766383, 39.736586379, 39.744947002
1073, -104.575775965, -104.564950881, 39.744925815, 39.753286426
1074, -104.564959156, -104.554132769, 39.75326525, 39.761625849
1075, -104.554139736, -104.543312045, 39.761604685, 39.769965273
1076, -104.543317703, -104.532488708, 39.76994412, 39.778304696
1077, -104.532493055, -104.521662755, 39.778283555, 39.786644118
1078, -104.521665791, -104.510834185, 39.786622989, 39.794983541
1079, -104.510835908, -104.500002997, 39.794962423, 39.803322963
1080, -104.499989034, -104.489154816, 39.803301855, 39.811662383
1081, -104.489168283, -104.478332758, 39.81164129, 39.820001806
1082, -104.478330537, -104.467493705, 39.819980723, 39.828341227
1083, -104.467490167, -104.456652026, 39.828320156, 39.836680648
1084, -104.45664717, -104.44580772, 39.836659589, 39.845020069
1085, -104.445801545, -104.434960787, 39.844999021, 39.853359489
1086, -104.434953291, -104.424111223, 39.853338453, 39.861698909
1087, -104.424102406, -104.413259027, 39.861677884, 39.870038329
1088, -104.67301, -104.662135006, 40.061844727, 40.070204886
1089, -104.68383207, -104.672958399, 40.053505064, 40.061865235
1090, -104.662157652, -104.651283981, 40.053504556, 40.061864727
1091, -104.69465414, -104.683781793, 40.045165389, 40.053525572
1092, -104.651307949, -104.640435602, 40.045164373, 40.053524556
1093, -104.705476211, -104.694605185, 40.036825702, 40.045185897
1094, -104.64046089, -104.629589864, 40.036824178, 40.045184373
1095, -104.716298281, -104.705428577, 40.028486003, 40.03684621
1096, -104.629616472, -104.618746769, 40.028483972, 40.036844179
1097, -104.727120351, -104.716251969, 40.020146292, 40.028506511
1098, -104.618774694, -104.607906312, 40.020143754, 40.028503973
1099, -104.737942421, -104.72707536, 40.011806569, 40.0201668
1100, -104.607935555, -104.597068494, 40.011803524, 40.020163755
1101, -104.748764491, -104.73789875, 40.003466834, 40.011827076
1102, -104.597099052, -104.586233312, 40.003463282, 40.011823525
1103, -104.586265184, -104.575400764, 39.995123029, 40.003483283
1104, -104.564618523, -104.553756741, 39.978442489, 39.986802767
1105, -104.553779376, -104.542918912, 39.970102199, 39.978462489
1106, -104.542956033, -104.532096886, 39.961761898, 39.9701222
1107, -104.532135316, -104.521277486, 39.953421586, 39.9617819
1108, -104.824518982, -104.813662468, 39.945088351, 39.953448677
1109, -104.521317224, -104.510460711, 39.945081262, 39.953441588
1110, -104.835341053, -104.824485854, 39.936748519, 39.945108857
1111, -104.510501757, -104.499646559, 39.936740927, 39.945101265
1112, -104.846163123, -104.83530924, 39.928408676, 39.936769025
1113, -104.499688911, -104.488835029, 39.92840058, 39.936760929
1114, -104.856985193, -104.846132624, 39.92006882, 39.928429182
1115, -104.488878685, -104.478026118, 39.920060221, 39.928420582
1116, -104.867807263, -104.856956009, 39.911728953, 39.920089326
1117, -104.478071078, -104.467219825, 39.91171985, 39.920080223
1118, -104.878629333, -104.867779393, 39.903389073, 39.911749459
1119, -104.467266088, -104.456416149, 39.903379468, 39.911739853
1120, -104.889451404, -104.878602776, 39.895049182, 39.903409579
1121, -104.456463714, -104.445615088, 39.895039074, 39.903399471
1122, -104.900273474, -104.889426159, 39.886709278, 39.895069687
1123, -104.445663953, -104.43481664, 39.886698668, 39.895059077
1124, -104.911095544, -104.900249541, 39.878369363, 39.886729783
1125, -104.434866805, -104.424020804, 39.87835825, 39.886718671
1126, -104.921917614, -104.911072923, 39.870029435, 39.878389868
1127, -104.424072267, -104.413227577, 39.870017821, 39.878378253
1128, -104.932739684, -104.921896304, 39.861689495, 39.87004994
1129, -104.921917614, -104.911075544, 39.853349555, 39.861710012
1130, -104.911095544, -104.900254784, 39.845009616, 39.853370084
1131, -104.900273474, -104.889434023, 39.836669676, 39.845030156
1132, -104.889451404, -104.878613261, 39.828329736, 39.836690229
1133, -104.878629333, -104.867792499, 39.819989797, 39.828350301
1134, -104.867807263, -104.856971737, 39.811649857, 39.820010373
1135, -104.856985193, -104.846150974, 39.803309917, 39.811670445
1136, -104.846163123, -104.83533021, 39.794969978, 39.803330517
1137, -104.835341053, -104.824509446, 39.786630038, 39.79499059
1138, -104.824518982, -104.813688681, 39.778290098, 39.786650662
1139, -104.813696912, -104.802867916, 39.769950159, 39.778310734
1140, -104.802874842, -104.79204715, 39.761610219, 39.769970806
1141, -104.792052772, -104.781226384, 39.753270279, 39.761630878
1142, -104.781230702, -104.770405617, 39.74493034, 39.75329095
1143, -104.770408632, -104.75958485, 39.7365904, 39.744951023
1144, -104.759586561, -104.748764082, 39.72825046, 39.736611095
1145, -104.727120351, -104.716301775, 39.703230641, 39.711591311
1146, -104.716298281, -104.705481004, 39.694890701, 39.703251384
1147, -104.705476211, -104.694660234, 39.686550762, 39.694911456
1148, -104.69465414, -104.683839463, 39.678210822, 39.686571528
1149, -104.68383207, -104.673018691, 39.669870882, 39.6782316
1150, -104.67301, -104.662197919, 39.661530943, 39.669891672
1151, -104.662217918, -104.651404539, 39.669870381, 39.678231099
1152, -104.651423241, -104.640608564, 39.678209819, 39.686570525
1153, -104.640625967, -104.62980999, 39.686549257, 39.694909951
1154, -104.629826093, -104.619008817, 39.694888694, 39.703249376
1155, -104.619023619, -104.608205043, 39.703228131, 39.711588801
1156, -104.608218543, -104.597398667, 39.711567568, 39.719928226
1157, -104.597410863, -104.586589686, 39.719907004, 39.728267651
1158, -104.586600578, -104.575778099, 39.728246441, 39.736607075
1159, -104.575787685, -104.564963904, 39.736585876, 39.744946499
1160, -104.564972184, -104.5541471, 39.744925312, 39.753285923
1161, -104.554154073, -104.543327686, 39.753264747, 39.761625346
1162, -104.543333349, -104.532505658, 39.761604182, 39.76996477
1163, -104.532510012, -104.521681017, 39.769943617, 39.778304192
1164, -104.52168406, -104.51085376, 39.778283052, 39.786643615
1165, -104.510855491, -104.500023885, 39.786622486, 39.794983037
1166, -104.500024303, -104.489191391, 39.79496192, 39.803322459
1167, -104.489176123, -104.478341905, 39.803301351, 39.811661879
1168, -104.478354065, -104.46751854, 39.811640786, 39.820001302
1169, -104.467515012, -104.45667818, 39.819980219, 39.828340723
1170, -104.456673334, -104.445835193, 39.828319652, 39.836680144
1171, -104.445829029, -104.43498958, 39.836659084, 39.845019565
1172, -104.434982096, -104.424141337, 39.844998516, 39.853358985
1173, -104.424132533, -104.413290464, 39.853337948, 39.861698405
1174, -104.413280338, -104.402436959, 39.86167738, 39.870037824
1175, -104.67301, -104.662133681, 40.070184378, 40.078544525
1176, -104.68383207, -104.672957076, 40.061844727, 40.070204886
1177, -104.662156329, -104.651281335, 40.061844218, 40.070204378
1178, -104.69465414, -104.68378047, 40.053505064, 40.061865235
1179, -104.651305304, -104.640431634, 40.053504047, 40.061864219
1180, -104.705476211, -104.694603863, 40.045165389, 40.053525572
1181, -104.640456924, -104.629584576, 40.045163865, 40.053524048
1182, -104.716298281, -104.705427255, 40.036825702, 40.045185897
1183, -104.629611186, -104.618740161, 40.03682367, 40.045183865
1184, -104.727120351, -104.716250647, 40.028486003, 40.03684621
1185, -104.61876809, -104.607898387, 40.028483464, 40.036843671
1186, -104.737942421, -104.727074039, 40.020146292, 40.028506511
1187, -104.607927633, -104.597059251, 40.020143246, 40.028503465
1188, -104.748764491, -104.73789743, 40.011806569, 40.0201668
1189, -104.597089814, -104.586222753, 40.011803016, 40.020163247
1190, -104.759586561, -104.74872082, 40.003466834, 40.011827076
1191, -104.586254631, -104.575388891, 40.003462775, 40.011823018
1192, -104.575422083, -104.564557662, 39.995122522, 40.003482776
1193, -104.553778059, -104.542916276, 39.978441982, 39.98680226
1194, -104.542940229, -104.532079764, 39.970101692, 39.978461982
1195, -104.532118202, -104.521259056, 39.961761392, 39.970121694
1196, -104.521298802, -104.510440972, 39.95342108, 39.961781394
1197, -104.824518982, -104.813661152, 39.95342817, 39.961788484
1198, -104.835341053, -104.824484538, 39.945088351, 39.953448677
1199, -104.510482027, -104.499625513, 39.945080756, 39.953441082
1200, -104.846163123, -104.835307924, 39.936748519, 39.945108857
1201, -104.499667874, -104.488812677, 39.936740421, 39.945100759
1202, -104.856985193, -104.84613131, 39.928408676, 39.936769025
1203, -104.488856343, -104.478002461, 39.928400074, 39.936760423
1204, -104.867807263, -104.856954695, 39.92006882, 39.928429182
1205, -104.478047432, -104.467194865, 39.920059715, 39.928420076
1206, -104.878629333, -104.867778079, 39.911728953, 39.920089326
1207, -104.467241139, -104.456389886, 39.911719344, 39.920079718
1208, -104.889451404, -104.878601463, 39.903389073, 39.911749459
1209, -104.456437462, -104.445587523, 39.903378962, 39.911739347
1210, -104.900273474, -104.889424846, 39.895049182, 39.903409579
1211, -104.445636401, -104.434787775, 39.895038568, 39.903398965
1212, -104.911095544, -104.900248229, 39.886709278, 39.895069687
1213, -104.434837952, -104.423990639, 39.886698162, 39.895058571
1214, -104.921917614, -104.911071611, 39.878369363, 39.886729783
1215, -104.424042115, -104.413196114, 39.878357745, 39.886718166
1216, -104.932739684, -104.921894993, 39.870029435, 39.878389868
1217, -104.413248888, -104.402404199, 39.870017316, 39.878377748
1218, -104.943561754, -104.932718374, 39.861689495, 39.87004994
1219, -104.932739684, -104.921897614, 39.853349555, 39.861710012
1220, -104.921917614, -104.911076854, 39.845009616, 39.853370084
1221, -104.911095544, -104.900256093, 39.836669676, 39.845030156
1222, -104.900273474, -104.889435332, 39.828329736, 39.836690229
1223, -104.889451404, -104.87861457, 39.819989797, 39.828350301
1224, -104.878629333, -104.867793807, 39.811649857, 39.820010373
1225, -104.867807263, -104.856973044, 39.803309917, 39.811670445
1226, -104.856985193, -104.84615228, 39.794969978, 39.803330517
1227, -104.846163123, -104.835331516, 39.786630038, 39.79499059
1228, -104.835341053, -104.824510752, 39.778290098, 39.786650662
1229, -104.824518982, -104.813689986, 39.769950159, 39.778310734
1230, -104.813696912, -104.802869221, 39.761610219, 39.769970806
1231, -104.802874842, -104.792048454, 39.753270279, 39.761630878
1232, -104.792052772, -104.781227687, 39.74493034, 39.75329095
1233, -104.781230702, -104.77040692, 39.7365904, 39.744951023
1234, -104.770408632, -104.759586152, 39.72825046, 39.736611095
1235, -104.727120351, -104.716303075, 39.694890701, 39.703251384
1236, -104.716298281, -104.705482304, 39.686550762, 39.694911456
1237, -104.705476211, -104.694661533, 39.678210822, 39.686571528
1238, -104.69465414, -104.683840761, 39.669870882, 39.6782316
1239, -104.68383207, -104.673019989, 39.661530943, 39.669891672
1240, -104.67301, -104.662199216, 39.653191003, 39.661551744
1241, -104.662219216, -104.651407134, 39.661530441, 39.669891171
1242, -104.651425837, -104.640612458, 39.66986988, 39.678230597
1243, -104.640629862, -104.629815184, 39.678209317, 39.686570023
1244, -104.629831289, -104.619015313, 39.686548755, 39.694909449
1245, -104.619030117, -104.608212841, 39.694888192, 39.703248874
1246, -104.608226343, -104.597407768, 39.703227629, 39.711588299
1247, -104.597419967, -104.586600091, 39.711567066, 39.719927724
1248, -104.586610987, -104.575789809, 39.719906502, 39.728267149
1249, -104.5757994, -104.564976921, 39.728245938, 39.736606573
1250, -104.564985206, -104.554161425, 39.736585374, 39.744945997
1251, -104.554168403, -104.543343319, 39.744924809, 39.75328542
1252, -104.543348989, -104.532522602, 39.753264245, 39.761624844
1253, -104.532526962, -104.521699271, 39.761603679, 39.769964267
1254, -104.521702321, -104.510873326, 39.769943114, 39.778303689
1255, -104.510875065, -104.500044765, 39.778282548, 39.786643112
1256, -104.500045191, -104.489213585, 39.786621982, 39.794982534
1257, -104.489212697, -104.478379786, 39.794961416, 39.803321956
1258, -104.478363211, -104.467528994, 39.803300848, 39.811661375
1259, -104.467539847, -104.456704323, 39.811640282, 39.820000798
1260, -104.456699487, -104.445862655, 39.819979715, 39.828340219
1261, -104.445856502, -104.435018361, 39.828319148, 39.83667964
1262, -104.435010889, -104.424171439, 39.83665858, 39.84501906
1263, -104.424162647, -104.413321888, 39.844998012, 39.85335848
1264, -104.413311774, -104.402469706, 39.853337443, 39.8616979
1265, -104.402458269, -104.391614891, 39.861676875, 39.870037319
1266, -104.67301, -104.662132357, 40.078524016, 40.086884152
1267, -104.68383207, -104.672955752, 40.070184378, 40.078544525
1268, -104.662155005, -104.651278687, 40.070183869, 40.078544017
1269, -104.69465414, -104.683779146, 40.061844727, 40.070204886
1270, -104.651302658, -104.640427664, 40.06184371, 40.070203869
1271, -104.705476211, -104.69460254, 40.053505064, 40.061865235
1272, -104.640452956, -104.629579286, 40.053503539, 40.06186371
1273, -104.716298281, -104.705425933, 40.045165389, 40.053525572
1274, -104.629605899, -104.618733551, 40.045163357, 40.05352354
1275, -104.727120351, -104.716249326, 40.036825702, 40.045185897
1276, -104.618761483, -104.607890458, 40.036823162, 40.045183357
1277, -104.737942421, -104.727072718, 40.028486003, 40.03684621
1278, -104.607919708, -104.597050005, 40.028482956, 40.036843163
1279, -104.748764491, -104.737896109, 40.020146292, 40.028506511
1280, -104.597080572, -104.586212191, 40.020142738, 40.028502957
1281, -104.759586561, -104.7487195, 40.011806569, 40.0201668
1282, -104.586244073, -104.575377013, 40.011802509, 40.02016274
1283, -104.57541021, -104.56454447, 40.003462268, 40.01182251
1284, -104.564578981, -104.553714561, 39.995122015, 40.003482269
1285, -104.553778059, -104.542914957, 39.986781753, 39.995142019
1286, -104.542937594, -104.532075811, 39.978441475, 39.986801753
1287, -104.532101082, -104.521240617, 39.970101185, 39.978461475
1288, -104.521280372, -104.510421226, 39.961760885, 39.970121187
1289, -104.510462289, -104.499604459, 39.953420573, 39.961780887
1290, -104.835341053, -104.824483222, 39.95342817, 39.961788484
1291, -104.846163123, -104.835306608, 39.945088351, 39.953448677
1292, -104.499646829, -104.488790316, 39.94508025, 39.953440576
1293, -104.856985193, -104.846129994, 39.936748519, 39.945108857
1294, -104.488833992, -104.477978795, 39.936739915, 39.945100252
1295, -104.867807263, -104.85695338, 39.928408676, 39.936769025
1296, -104.478023776, -104.467169894, 39.928399568, 39.936759917
1297, -104.878629333, -104.867776765, 39.92006882, 39.928429182
1298, -104.467216179, -104.456363612, 39.920059209, 39.928419571
1299, -104.889451404, -104.878600149, 39.911728953, 39.920089326
1300, -104.4564112, -104.445559947, 39.911718839, 39.920079212
1301, -104.900273474, -104.889423533, 39.903389073, 39.911749459
1302, -104.445608836, -104.434758897, 39.903378457, 39.911738842
1303, -104.911095544, -104.900246916, 39.895049182, 39.903409579
1304, -104.434809087, -104.423960461, 39.895038063, 39.90339846
1305, -104.921917614, -104.911070299, 39.886709278, 39.895069687
1306, -104.424011951, -104.413164638, 39.886697657, 39.895058066
1307, -104.932739684, -104.921893681, 39.878369363, 39.886729783
1308, -104.413217425, -104.402371424, 39.87835724, 39.886717661
1309, -104.943561754, -104.932717063, 39.870029435, 39.878389868
1310, -104.402425509, -104.39158082, 39.870016811, 39.878377243
1311, -104.954383825, -104.943540444, 39.861689495, 39.87004994
1312, -104.943561754, -104.932719684, 39.853349555, 39.861710012
1313, -104.932739684, -104.921898924, 39.845009616, 39.853370084
1314, -104.921917614, -104.911078163, 39.836669676, 39.845030156
1315, -104.911095544, -104.900257402, 39.828329736, 39.836690229
1316, -104.900273474, -104.88943664, 39.819989797, 39.828350301
1317, -104.889451404, -104.878615877, 39.811649857, 39.820010373
1318, -104.878629333, -104.867795114, 39.803309917, 39.811670445
1319, -104.867807263, -104.856974351, 39.794969978, 39.803330517
1320, -104.856985193, -104.846153586, 39.786630038, 39.79499059
1321, -104.846163123, -104.835332822, 39.778290098, 39.786650662
1322, -104.835341053, -104.824512057, 39.769950159, 39.778310734
1323, -104.824518982, -104.813691291, 39.761610219, 39.769970806
1324, -104.813696912, -104.802870524, 39.753270279, 39.761630878
1325, -104.802874842, -104.792049758, 39.74493034, 39.75329095
1326, -104.792052772, -104.78122899, 39.7365904, 39.744951023
1327, -104.781230702, -104.770408222, 39.72825046, 39.736611095
1328, -104.737942421, -104.727125145, 39.694890701, 39.703251384
1329, -104.727120351, -104.716304374, 39.686550762, 39.694911456
1330, -104.716298281, -104.705483603, 39.678210822, 39.686571528
1331, -104.705476211, -104.694662831, 39.669870882, 39.6782316
1332, -104.69465414, -104.683842059, 39.661530943, 39.669891672
1333, -104.68383207, -104.673021286, 39.653191003, 39.661551744
1334, -104.67301, -104.662200513, 39.644851063, 39.653211817
1335, -104.662220513, -104.651409728, 39.653190502, 39.661551243
1336, -104.651428432, -104.64061635, 39.66152994, 39.66989067
1337, -104.640633756, -104.629820376, 39.669869378, 39.678230096
1338, -104.629836483, -104.619021805, 39.678208816, 39.686569522
1339, -104.619036612, -104.608220635, 39.686548253, 39.694908947
1340, -104.60823414, -104.597416865, 39.69488769, 39.703248372
1341, -104.597429067, -104.586610492, 39.703227127, 39.711587797
1342, -104.586621391, -104.575801515, 39.711566564, 39.719927222
1343, -104.57581111, -104.564989933, 39.719906, 39.728266646
1344, -104.564998223, -104.554175744, 39.728245436, 39.73660607
1345, -104.554182727, -104.543358946, 39.736584871, 39.744945494
1346, -104.543364622, -104.532539538, 39.744924307, 39.753284918
1347, -104.532543905, -104.521717518, 39.753263742, 39.761624341
1348, -104.521720575, -104.510892884, 39.761603176, 39.769963764
1349, -104.51089463, -104.500065635, 39.769942611, 39.778303186
1350, -104.500066069, -104.48923577, 39.778282045, 39.786642608
1351, -104.489234891, -104.478403285, 39.786621479, 39.79498203
1352, -104.478401092, -104.467568181, 39.794960912, 39.803321452
1353, -104.4675503, -104.456716082, 39.803300344, 39.811660872
1354, -104.45672563, -104.445890105, 39.811639778, 39.820000294
1355, -104.445883963, -104.43504713, 39.819979211, 39.828339715
1356, -104.435039669, -104.424201529, 39.828318643, 39.836679136
1357, -104.424192748, -104.413353299, 39.836658076, 39.845018556
1358, -104.413343197, -104.402502439, 39.844997507, 39.853357976
1359, -104.402491016, -104.391648948, 39.853336939, 39.861697395
1360, -104.391636201, -104.380792823, 39.86167637, 39.870036815
1361, -104.67301, -104.662131032, 40.086863643, 40.095223767
1362, -104.68383207, -104.672954427, 40.078524016, 40.086884152
1363, -104.662153681, -104.651276038, 40.078523508, 40.086883643
1364, -104.69465414, -104.683777822, 40.070184378, 40.078544525
1365, -104.651300011, -104.640423693, 40.070183361, 40.078543508
1366, -104.705476211, -104.694601216, 40.061844727, 40.070204886
1367, -104.640448987, -104.629573993, 40.061843202, 40.070203361
1368, -104.716298281, -104.70542461, 40.053505064, 40.061865235
1369, -104.629600609, -104.618726938, 40.053503031, 40.061863202
1370, -104.727120351, -104.716248003, 40.045165389, 40.053525572
1371, -104.618754873, -104.607882526, 40.045162848, 40.053523032
1372, -104.737942421, -104.727071396, 40.036825702, 40.045185897
1373, -104.60791178, -104.597040755, 40.036822654, 40.045182849
1374, -104.748764491, -104.737894788, 40.028486003, 40.03684621
1375, -104.597071326, -104.586201624, 40.028482448, 40.036842655
1376, -104.759586561, -104.748718179, 40.020146292, 40.028506511
1377, -104.586233511, -104.57536513, 40.020142231, 40.02850245
1378, -104.770408632, -104.75954157, 40.011806569, 40.0201668
1379, -104.575398333, -104.564531272, 40.011802001, 40.020162232
1380, -104.56456579, -104.55370005, 40.00346176, 40.011822003
1381, -104.55373588, -104.54287146, 39.995121507, 40.003481762
1382, -104.542936276, -104.532073175, 39.986781246, 39.995141512
1383, -104.532097129, -104.521235347, 39.978440968, 39.986801246
1384, -104.521261935, -104.510401471, 39.970100678, 39.978460968
1385, -104.510442542, -104.499583396, 39.961760378, 39.970120681
1386, -104.499625775, -104.488767946, 39.953420067, 39.961780381
1387, -104.835341053, -104.824481905, 39.961767977, 39.97012828
1388, -104.846163123, -104.835305292, 39.95342817, 39.961788484
1389, -104.856985193, -104.846128679, 39.945088351, 39.953448677
1390, -104.488811632, -104.477955119, 39.945079744, 39.953440069
1391, -104.867807263, -104.856952065, 39.936748519, 39.945108857
1392, -104.47800011, -104.467144913, 39.936739409, 39.945099746
1393, -104.878629333, -104.86777545, 39.928408676, 39.936769025
1394, -104.467191209, -104.456337327, 39.928399062, 39.936759411
1395, -104.889451404, -104.878598835, 39.92006882, 39.928429182
1396, -104.456384926, -104.445532359, 39.920058703, 39.928419065
1397, -104.900273474, -104.889422219, 39.911728953, 39.920089326
1398, -104.445581261, -104.434730008, 39.911718333, 39.920078706
1399, -104.911095544, -104.900245603, 39.903389073, 39.911749459
1400, -104.43478021, -104.423930271, 39.903377951, 39.911738336
1401, -104.921917614, -104.911068987, 39.895049182, 39.903409579
1402, -104.423981774, -104.413133148, 39.895037557, 39.903397954
1403, -104.932739684, -104.921892369, 39.886709278, 39.895069687
1404, -104.41318595, -104.402338637, 39.886697152, 39.895057561
1405, -104.943561754, -104.932715752, 39.878369363, 39.886729783
1406, -104.402392736, -104.391546735, 39.878356735, 39.886717156
1407, -104.391602131, -104.380757441, 39.870016306, 39.878376739
1408, -104.965205895, -104.954362514, 39.861689495, 39.87004994
1409, -104.954383825, -104.943541755, 39.853349555, 39.861710012
1410, -104.943561754, -104.932720994, 39.845009616, 39.853370084
1411, -104.932739684, -104.921900233, 39.836669676, 39.845030156
1412, -104.921917614, -104.911079472, 39.828329736, 39.836690229
1413, -104.911095544, -104.90025871, 39.819989797, 39.828350301
1414, -104.900273474, -104.889437947, 39.811649857, 39.820010373
1415, -104.889451404, -104.878617184, 39.803309917, 39.811670445
1416, -104.878629333, -104.867796421, 39.794969978, 39.803330517
1417, -104.867807263, -104.856975657, 39.786630038, 39.79499059
1418, -104.856985193, -104.846154892, 39.778290098, 39.786650662
1419, -104.846163123, -104.835334127, 39.769950159, 39.778310734
1420, -104.835341053, -104.824513361, 39.761610219, 39.769970806
1421, -104.824518982, -104.813692595, 39.753270279, 39.761630878
1422, -104.813696912, -104.802871828, 39.74493034, 39.75329095
1423, -104.802874842, -104.79205106, 39.7365904, 39.744951023
1424, -104.792052772, -104.781230292, 39.72825046, 39.736611095
1425, -104.737942421, -104.727126444, 39.686550762, 39.694911456
1426, -104.727120351, -104.716305673, 39.678210822, 39.686571528
1427, -104.716298281, -104.705484901, 39.669870882, 39.6782316
1428, -104.705476211, -104.694664129, 39.661530943, 39.669891672
1429, -104.69465414, -104.683843356, 39.653191003, 39.661551744
1430, -104.68383207, -104.673022583, 39.644851063, 39.653211817
1431, -104.67301, -104.662201809, 39.636511124, 39.644871889
1432, -104.662221809, -104.651412321, 39.644850562, 39.653211316
1433, -104.651431025, -104.640620241, 39.653190001, 39.661550742
1434, -104.640637648, -104.629825566, 39.661529439, 39.669890168
1435, -104.629841674, -104.619028295, 39.669868877, 39.678229594
1436, -104.619043104, -104.608228426, 39.678208314, 39.68656902
1437, -104.608241934, -104.597425958, 39.686547751, 39.694908445
1438, -104.597438164, -104.586620888, 39.694887188, 39.703247871
1439, -104.586631792, -104.575813216, 39.703226625, 39.711587295
1440, -104.575822816, -104.56500294, 39.711566061, 39.71992672
1441, -104.565011234, -104.554190057, 39.719905497, 39.728266144
1442, -104.554197046, -104.543374567, 39.728244933, 39.736605568
1443, -104.543380248, -104.532556467, 39.736584369, 39.744944991
1444, -104.532560841, -104.521735757, 39.744923804, 39.753284415
1445, -104.521738821, -104.510912434, 39.753263239, 39.761623838
1446, -104.510914188, -104.500086498, 39.761602673, 39.76996326
1447, -104.50008694, -104.489257945, 39.769942108, 39.778302683
1448, -104.489257075, -104.478426775, 39.778281542, 39.786642105
1449, -104.478424591, -104.467592986, 39.786620975, 39.794981527
1450, -104.467589487, -104.456756576, 39.794960409, 39.803320948
1451, -104.456737389, -104.445903171, 39.80329984, 39.811660368
1452, -104.445911412, -104.435075887, 39.811639275, 39.81999979
1453, -104.435068438, -104.424231606, 39.819978707, 39.828339211
1454, -104.424222837, -104.413384697, 39.828318139, 39.836678631
1455, -104.413374608, -104.402535159, 39.836657571, 39.845018051
1456, -104.402523748, -104.39168299, 39.844997003, 39.853357471
1457, -104.391670257, -104.380828189, 39.853336434, 39.861696891
1458, -104.380814133, -104.369970755, 39.861675865, 39.87003631
1459, -104.67301, -104.662129706, 40.095203258, 40.10356337
1460, -104.68383207, -104.672953102, 40.086863643, 40.095223767
1461, -104.662152357, -104.651273388, 40.086863134, 40.095223258
1462, -104.69465414, -104.683776497, 40.078524016, 40.086884152
1463, -104.651297363, -104.64041972, 40.078522999, 40.086883135
1464, -104.705476211, -104.694599892, 40.070184378, 40.078544525
1465, -104.640445017, -104.629568698, 40.070182852, 40.078543
1466, -104.716298281, -104.705423286, 40.061844727, 40.070204886
1467, -104.629595317, -104.618720323, 40.061842693, 40.070202853
1468, -104.727120351, -104.71624668, 40.053505064, 40.061865235
1469, -104.618748261, -104.607874591, 40.053502523, 40.061862694
1470, -104.737942421, -104.727070073, 40.045165389, 40.053525572
1471, -104.607903848, -104.597031501, 40.04516234, 40.053522524
1472, -104.748764491, -104.737893466, 40.036825702, 40.045185897
1473, -104.597062077, -104.586191052, 40.036822146, 40.045182341
1474, -104.759586561, -104.748716858, 40.028486003, 40.03684621
1475, -104.586222945, -104.575353242, 40.028481941, 40.036842148
1476, -104.770408632, -104.75954025, 40.020146292, 40.028506511
1477, -104.575386451, -104.564518069, 40.020141723, 40.028501942
1478, -104.564552593, -104.553685532, 40.011801494, 40.020161725
1479, -104.553721369, -104.542855629, 40.003461253, 40.011821495
1480, -104.542892779, -104.532028358, 39.995121, 40.003481255
1481, -104.532094493, -104.521231392, 39.986780739, 39.995141005
1482, -104.521256665, -104.510394882, 39.978440461, 39.986800739
1483, -104.510422788, -104.499562324, 39.970100172, 39.978460462
1484, -104.499604713, -104.488745566, 39.961759872, 39.970120174
1485, -104.488789262, -104.477931432, 39.95341956, 39.961779874
1486, -104.835341053, -104.824480587, 39.970107773, 39.978468063
1487, -104.846163123, -104.835303975, 39.961767977, 39.97012828
1488, -104.856985193, -104.846127362, 39.95342817, 39.961788484
1489, -104.867807263, -104.856950749, 39.945088351, 39.953448677
1490, -104.477976434, -104.467119921, 39.945079237, 39.953439563
1491, -104.878629333, -104.867774135, 39.936748519, 39.945108857
1492, -104.467166228, -104.456311031, 39.936738902, 39.94509924
1493, -104.889451404, -104.87859752, 39.928408676, 39.936769025
1494, -104.456358642, -104.44550476, 39.928398556, 39.936758905
1495, -104.900273474, -104.889420905, 39.92006882, 39.928429182
1496, -104.445553673, -104.434701106, 39.920058197, 39.928418559
1497, -104.911095544, -104.90024429, 39.911728953, 39.920089326
1498, -104.434751321, -104.423900069, 39.911717827, 39.920078201
1499, -104.921917614, -104.911067673, 39.903389073, 39.911749459
1500, -104.423951584, -104.413101646, 39.903377445, 39.911737831
1501, -104.932739684, -104.921891057, 39.895049182, 39.903409579
1502, -104.413154461, -104.402305835, 39.895037052, 39.903397449
1503, -104.943561754, -104.93271444, 39.886709278, 39.895069687
1504, -104.402359948, -104.391512635, 39.886696647, 39.895057056
1505, -104.954383825, -104.943537822, 39.878369363, 39.886729783
1506, -104.391568046, -104.380722045, 39.87835623, 39.88671665
1507, -104.380778752, -104.369934063, 39.870015801, 39.878376234
1508, -104.965205895, -104.954363825, 39.853349555, 39.861710012
1509, -104.954383825, -104.943543064, 39.845009616, 39.853370084
1510, -104.943561754, -104.932722304, 39.836669676, 39.845030156
1511, -104.932739684, -104.921901542, 39.828329736, 39.836690229
1512, -104.921917614, -104.91108078, 39.819989797, 39.828350301
1513, -104.911095544, -104.900260018, 39.811649857, 39.820010373
1514, -104.900273474, -104.889439255, 39.803309917, 39.811670445
1515, -104.889451404, -104.878618491, 39.794969978, 39.803330517
1516, -104.878629333, -104.867797727, 39.786630038, 39.79499059
1517, -104.867807263, -104.856976962, 39.778290098, 39.786650662
1518, -104.856985193, -104.846156197, 39.769950159, 39.778310734
1519, -104.846163123, -104.835335431, 39.761610219, 39.769970806
1520, -104.835341053, -104.824514665, 39.753270279, 39.761630878
1521, -104.824518982, -104.813693898, 39.74493034, 39.75329095
1522, -104.813696912, -104.80287313, 39.7365904, 39.744951023
1523, -104.802874842, -104.792052362, 39.72825046, 39.736611095
1524, -104.737942421, -104.727127743, 39.678210822, 39.686571528
1525, -104.727120351, -104.716306972, 39.669870882, 39.6782316
1526, -104.716298281, -104.705486199, 39.661530943, 39.669891672
1527, -104.705476211, -104.694665426, 39.653191003, 39.661551744
1528, -104.69465414, -104.683844653, 39.644851063, 39.653211817
1529, -104.68383207, -104.673023879, 39.636511124, 39.644871889
1530, -104.67301, -104.662203105, 39.628171184, 39.636531961
1531, -104.662223105, -104.651414913, 39.636510623, 39.644871388
1532, -104.651433618, -104.64062413, 39.644850061, 39.653210815
1533, -104.640641538, -104.629830754, 39.6531895, 39.661550241
1534, -104.629846864, -104.619034782, 39.661528938, 39.669889667
1535, -104.619049593, -104.608236214, 39.669868375, 39.678229093
1536, -104.608249725, -104.597435047, 39.678207813, 39.686568519
1537, -104.597447257, -104.58663128, 39.68654725, 39.694907944
1538, -104.586642188, -104.575824912, 39.694886687, 39.703247369
1539, -104.575834516, -104.56501594, 39.703226123, 39.711586793
1540, -104.56502424, -104.554204364, 39.711565559, 39.719926218
1541, -104.554211358, -104.543390181, 39.719904995, 39.728265642
1542, -104.543395868, -104.53257339, 39.728244431, 39.736605065
1543, -104.53257777, -104.521753989, 39.736583866, 39.744944489
1544, -104.52175706, -104.510931976, 39.744923301, 39.753283912
1545, -104.510933738, -104.500107351, 39.753262736, 39.761623335
1546, -104.500107801, -104.489280111, 39.76160217, 39.769962757
1547, -104.489279249, -104.478450254, 39.769941604, 39.77830218
1548, -104.47844808, -104.46761778, 39.778281038, 39.786641602
1549, -104.467614291, -104.456782686, 39.786620472, 39.794981023
1550, -104.456777882, -104.445944971, 39.794959905, 39.803320445
1551, -104.445924478, -104.43509026, 39.803299336, 39.811659864
1552, -104.435097194, -104.42426167, 39.811638771, 39.819999287
1553, -104.424252913, -104.413416081, 39.819978203, 39.828338707
1554, -104.413406005, -104.402567864, 39.828317635, 39.836678127
1555, -104.402556467, -104.391717018, 39.836657067, 39.845017547
1556, -104.391704299, -104.380863541, 39.844996498, 39.853356967
1557, -104.380849499, -104.370007431, 39.853335929, 39.861696386
1558, -104.369992065, -104.359148687, 39.86167536, 39.870035805
1559, -104.67301, -104.662128379, 40.103542861, 40.111902961
1560, -104.68383207, -104.672951776, 40.095203258, 40.10356337
1561, -104.662151031, -104.651270737, 40.095202749, 40.103562861
1562, -104.69465414, -104.683775172, 40.086863643, 40.095223767
1563, -104.651294713, -104.640415745, 40.086862626, 40.095222749
1564, -104.705476211, -104.694598567, 40.078524016, 40.086884152
1565, -104.640441044, -104.629563401, 40.07852249, 40.086882626
1566, -104.716298281, -104.705421962, 40.070184378, 40.078544525
1567, -104.629590022, -104.618713704, 40.070182343, 40.078542491
1568, -104.727120351, -104.716245356, 40.061844727, 40.070204886
1569, -104.618741646, -104.607866652, 40.061842185, 40.070202344
1570, -104.737942421, -104.72706875, 40.053505064, 40.061865235
1571, -104.607895914, -104.597022243, 40.053502014, 40.061862186
1572, -104.748764491, -104.737892143, 40.045165389, 40.053525572
1573, -104.597052823, -104.586180476, 40.045161832, 40.053522015
1574, -104.759586561, -104.748715536, 40.036825702, 40.045185897
1575, -104.586212374, -104.575341349, 40.036821638, 40.045181834
1576, -104.770408632, -104.759538928, 40.028486003, 40.03684621
1577, -104.575374563, -104.564504861, 40.028481433, 40.03684164
1578, -104.781230702, -104.77036232, 40.020146292, 40.028506511
1579, -104.56453939, -104.553671009, 40.020141215, 40.028501434
1580, -104.553706852, -104.542839792, 40.011800986, 40.020161217
1581, -104.542876949, -104.532011209, 40.003460746, 40.011820988
1582, -104.532049677, -104.521185257, 39.995120493, 40.003480747
1583, -104.521252711, -104.51038961, 39.986780232, 39.995140498
1584, -104.5104162, -104.499554418, 39.978439954, 39.986800232
1585, -104.499583641, -104.488723177, 39.970099665, 39.978459955
1586, -104.488766883, -104.477907736, 39.961759365, 39.970119667
1587, -104.477952749, -104.467094919, 39.953419054, 39.961779368
1588, -104.835341053, -104.824479269, 39.978447556, 39.986807834
1589, -104.846163123, -104.835302657, 39.970107773, 39.978468063
1590, -104.856985193, -104.846126045, 39.961767977, 39.97012828
1591, -104.867807263, -104.856949432, 39.95342817, 39.961788484
1592, -104.878629333, -104.867772819, 39.945088351, 39.953448677
1593, -104.467141237, -104.456284724, 39.945078731, 39.953439057
1594, -104.889451404, -104.878596205, 39.936748519, 39.945108857
1595, -104.456332346, -104.445477149, 39.936738396, 39.945098734
1596, -104.900273474, -104.88941959, 39.928408676, 39.936769025
1597, -104.445526075, -104.434672193, 39.92839805, 39.936758399
1598, -104.911095544, -104.900242975, 39.92006882, 39.928429182
1599, -104.43472242, -104.423869854, 39.920057692, 39.928418053
1600, -104.921917614, -104.91106636, 39.911728953, 39.920089326
1601, -104.423921382, -104.41307013, 39.911717322, 39.920077695
1602, -104.932739684, -104.921889744, 39.903389073, 39.911749459
1603, -104.413122959, -104.40227302, 39.90337694, 39.911737325
1604, -104.943561754, -104.932713127, 39.895049182, 39.903409579
1605, -104.402327147, -104.391478522, 39.895036546, 39.903396944
1606, -104.954383825, -104.94353651, 39.886709278, 39.895069687
1607, -104.391533947, -104.380686635, 39.886696141, 39.89505655
1608, -104.965205895, -104.954359892, 39.878369363, 39.886729783
1609, -104.380743357, -104.369897356, 39.878355724, 39.886716145
1610, -104.369955374, -104.359110685, 39.870015296, 39.878375729
1611, -104.976027965, -104.965185895, 39.853349555, 39.861710012
1612, -104.965205895, -104.954365135, 39.845009616, 39.853370084
1613, -104.954383825, -104.943544374, 39.836669676, 39.845030156
1614, -104.943561754, -104.932723612, 39.828329736, 39.836690229
1615, -104.932739684, -104.92190285, 39.819989797, 39.828350301
1616, -104.921917614, -104.911082088, 39.811649857, 39.820010373
1617, -104.911095544, -104.900261325, 39.803309917, 39.811670445
1618, -104.900273474, -104.889440561, 39.794969978, 39.803330517
1619, -104.889451404, -104.878619797, 39.786630038, 39.79499059
1620, -104.878629333, -104.867799032, 39.778290098, 39.786650662
1621, -104.867807263, -104.856978267, 39.769950159, 39.778310734
1622, -104.856985193, -104.846157501, 39.761610219, 39.769970806
1623, -104.846163123, -104.835336735, 39.753270279, 39.761630878
1624, -104.835341053, -104.824515968, 39.74493034, 39.75329095
1625, -104.824518982, -104.813695201, 39.7365904, 39.744951023
1626, -104.813696912, -104.802874433, 39.72825046, 39.736611095
1627, -104.737942421, -104.727129042, 39.669870882, 39.6782316
1628, -104.727120351, -104.716308269, 39.661530943, 39.669891672
1629, -104.716298281, -104.705487497, 39.653191003, 39.661551744
1630, -104.705476211, -104.694666723, 39.644851063, 39.653211817
1631, -104.69465414, -104.683845949, 39.636511124, 39.644871889
1632, -104.68383207, -104.673025175, 39.628171184, 39.636531961
1633, -104.67301, -104.6622044, 39.619831244, 39.628192033
1634, -104.6622244, -104.651417504, 39.628170683, 39.63653146
1635, -104.651436209, -104.640628018, 39.636510122, 39.644870887
1636, -104.640645427, -104.629835939, 39.64484956, 39.653210314
1637, -104.629852051, -104.619041267, 39.653188998, 39.66154974
1638, -104.61905608, -104.608243998, 39.661528436, 39.669889166
1639, -104.608257512, -104.597444133, 39.669867874, 39.678228592
1640, -104.597456346, -104.586641668, 39.678207311, 39.686568017
1641, -104.586652579, -104.575836603, 39.686546748, 39.694907442
1642, -104.575846212, -104.565028936, 39.694886185, 39.703246867
1643, -104.56503724, -104.554218665, 39.703225621, 39.711586291
1644, -104.554225664, -104.543405788, 39.711565057, 39.719925715
1645, -104.543411482, -104.532590305, 39.719904493, 39.728265139
1646, -104.532594691, -104.521772213, 39.728243928, 39.736604563
1647, -104.521775291, -104.51095151, 39.736583363, 39.744943986
1648, -104.510953279, -104.500128196, 39.744922798, 39.753283409
1649, -104.500128654, -104.489302267, 39.753262233, 39.761622832
1650, -104.489301415, -104.478473724, 39.761601667, 39.769962254
1651, -104.478471559, -104.467642564, 39.769941101, 39.778301677
1652, -104.467639085, -104.456808785, 39.778280535, 39.786641098
1653, -104.456803991, -104.445972386, 39.786619968, 39.79498052
1654, -104.445966277, -104.435133366, 39.794959401, 39.803319941
1655, -104.435111567, -104.424277349, 39.803298833, 39.81165936
1656, -104.424282977, -104.413447452, 39.811638267, 39.819998783
1657, -104.413437389, -104.402600557, 39.819977699, 39.828338203
1658, -104.402589172, -104.391751032, 39.828317131, 39.836677623
1659, -104.391738327, -104.380898878, 39.836656562, 39.845017043
1660, -104.38088485, -104.370044092, 39.844995994, 39.853356462
1661, -104.370028741, -104.359186673, 39.853335425, 39.861695881
1662, -104.359169997, -104.348326619, 39.861674855, 39.8700353
1663, -104.67301, -104.662127053, 40.111882451, 40.120242539
1664, -104.68383207, -104.67295045, 40.103542861, 40.111902961
1665, -104.662149706, -104.651268085, 40.103542351, 40.111902451
1666, -104.69465414, -104.683773846, 40.095203258, 40.10356337
1667, -104.651292063, -104.640411769, 40.09520224, 40.103562352
1668, -104.705476211, -104.694597242, 40.086863643, 40.095223767
1669, -104.64043707, -104.629558102, 40.086862117, 40.09522224
1670, -104.716298281, -104.705420638, 40.078524016, 40.086884152
1671, -104.629584726, -104.618707083, 40.078521982, 40.086882117
1672, -104.727120351, -104.716244032, 40.070184378, 40.078544525
1673, -104.618735028, -104.60785871, 40.070181835, 40.078541982
1674, -104.737942421, -104.727067427, 40.061844727, 40.070204886
1675, -104.607887976, -104.597012982, 40.061841676, 40.070201836
1676, -104.748764491, -104.73789082, 40.053505064, 40.061865235
1677, -104.597043566, -104.586169896, 40.053501506, 40.061861677
1678, -104.759586561, -104.748714214, 40.045165389, 40.053525572
1679, -104.586201799, -104.575329451, 40.045161324, 40.053521507
1680, -104.770408632, -104.759537606, 40.036825702, 40.045185897
1681, -104.575362671, -104.564491646, 40.03682113, 40.045181326
1682, -104.781230702, -104.770360998, 40.028486003, 40.03684621
1683, -104.564526182, -104.553656479, 40.028480925, 40.036841132
1684, -104.792052772, -104.78118439, 40.020146292, 40.028506511
1685, -104.781230702, -104.770363641, 40.011806352, 40.020166583
1686, -104.553692329, -104.542823948, 40.020140708, 40.028500927
1687, -104.542861112, -104.531994052, 40.011800479, 40.02016071
1688, -104.532032528, -104.521166788, 40.003460238, 40.011820481
1689, -104.521206576, -104.510342156, 39.995119986, 40.00348024
1690, -104.510410928, -104.499547827, 39.986779725, 39.995139991
1691, -104.499575736, -104.488713954, 39.978439447, 39.986799725
1692, -104.488744494, -104.47788403, 39.970099158, 39.978459448
1693, -104.477929053, -104.467069907, 39.961758859, 39.970119161
1694, -104.467116235, -104.456258406, 39.953418548, 39.961778861
1695, -104.835341053, -104.824477951, 39.986787327, 39.995147594
1696, -104.846163123, -104.835301339, 39.978447556, 39.986807834
1697, -104.878629333, -104.867771502, 39.95342817, 39.961788484
1698, -104.889451404, -104.878594889, 39.945088351, 39.953448677
1699, -104.45630604, -104.445449527, 39.945078225, 39.95343855
1700, -104.900273474, -104.889418275, 39.936748519, 39.945108857
1701, -104.445498464, -104.434643267, 39.93673789, 39.945098228
1702, -104.911095544, -104.900241661, 39.928408676, 39.936769025
1703, -104.434693508, -104.423839626, 39.928397544, 39.936757893
1704, -104.921917614, -104.911065046, 39.92006882, 39.928429182
1705, -104.423891168, -104.413038601, 39.920057186, 39.928417547
1706, -104.932739684, -104.92188843, 39.911728953, 39.920089326
1707, -104.413091443, -104.402240191, 39.911716816, 39.920077189
1708, -104.943561754, -104.932711814, 39.903389073, 39.911749459
1709, -104.402294333, -104.391444394, 39.903376434, 39.91173682
1710, -104.954383825, -104.943535197, 39.895049182, 39.903409579
1711, -104.391499834, -104.380651209, 39.895036041, 39.903396438
1712, -104.965205895, -104.95435858, 39.886709278, 39.895069687
1713, -104.380707946, -104.369860634, 39.886695636, 39.895056045
1714, -104.369918667, -104.359072667, 39.878355219, 39.88671564
1715, -104.359131995, -104.348287306, 39.870014791, 39.878375224
1716, -104.986850035, -104.976007965, 39.853349555, 39.861710012
1717, -104.976027965, -104.965187205, 39.845009616, 39.853370084
1718, -104.965205895, -104.954366444, 39.836669676, 39.845030156
1719, -104.954383825, -104.943545682, 39.828329736, 39.836690229
1720, -104.943561754, -104.932724921, 39.819989797, 39.828350301
1721, -104.932739684, -104.921904158, 39.811649857, 39.820010373
1722, -104.921917614, -104.911083395, 39.803309917, 39.811670445
1723, -104.911095544, -104.900262631, 39.794969978, 39.803330517
1724, -104.900273474, -104.889441867, 39.786630038, 39.79499059
1725, -104.889451404, -104.878621102, 39.778290098, 39.786650662
1726, -104.878629333, -104.867800337, 39.769950159, 39.778310734
1727, -104.867807263, -104.856979571, 39.761610219, 39.769970806
1728, -104.856985193, -104.846158805, 39.753270279, 39.761630878
1729, -104.846163123, -104.835338038, 39.74493034, 39.75329095
1730, -104.835341053, -104.824517271, 39.7365904, 39.744951023
1731, -104.824518982, -104.813696503, 39.72825046, 39.736611095
1732, -104.737942421, -104.72713034, 39.661530943, 39.669891672
1733, -104.727120351, -104.716309567, 39.653191003, 39.661551744
1734, -104.716298281, -104.705488793, 39.644851063, 39.653211817
1735, -104.705476211, -104.694668019, 39.636511124, 39.644871889
1736, -104.69465414, -104.683847245, 39.628171184, 39.636531961
1737, -104.68383207, -104.67302647, 39.619831244, 39.628192033
1738, -104.67301, -104.662205694, 39.611491305, 39.619852105
1739, -104.662225694, -104.651420094, 39.619830744, 39.628191533
1740, -104.651438799, -104.640631904, 39.628170183, 39.63653096
1741, -104.640649314, -104.629841123, 39.636509621, 39.644870386
1742, -104.629857236, -104.619047749, 39.644849059, 39.653209813
1743, -104.619062564, -104.60825178, 39.653188497, 39.661549239
1744, -104.608265296, -104.597453215, 39.661527935, 39.669888665
1745, -104.597465431, -104.586652052, 39.669867372, 39.67822809
1746, -104.586662967, -104.57584829, 39.67820681, 39.686567515
1747, -104.575857902, -104.565041926, 39.686546246, 39.69490694
1748, -104.565050235, -104.55423296, 39.694885683, 39.703246365
1749, -104.554239965, -104.54342139, 39.703225119, 39.711585789
1750, -104.543427089, -104.532607213, 39.711564555, 39.719925213
1751, -104.532611606, -104.521790429, 39.719903991, 39.728264637
1752, -104.521793514, -104.510971036, 39.728243426, 39.736604061
1753, -104.510972812, -104.500149032, 39.736582861, 39.744943484
1754, -104.500149498, -104.489324415, 39.744922296, 39.753282907
1755, -104.489323571, -104.478497184, 39.75326173, 39.761622329
1756, -104.478495028, -104.467667338, 39.761601164, 39.769961751
1757, -104.467663868, -104.456834874, 39.769940598, 39.778301173
1758, -104.45683009, -104.445999791, 39.778280032, 39.786640595
1759, -104.445993692, -104.435162087, 39.786619465, 39.794980016
1760, -104.435154672, -104.424321761, 39.794958898, 39.803319437
1761, -104.424298656, -104.413464438, 39.803298329, 39.811658857
1762, -104.413468759, -104.402633235, 39.811637763, 39.819998279
1763, -104.402621864, -104.391785032, 39.819977195, 39.828337699
1764, -104.39177234, -104.3809342, 39.828316627, 39.836677119
1765, -104.380920187, -104.370080738, 39.836656058, 39.845016538
1766, -104.370065401, -104.359224643, 39.844995489, 39.853355958
1767, -104.359207983, -104.348365915, 39.85333492, 39.861695377
1768, -104.348347929, -104.337504551, 39.861674351, 39.870034795
1769, -104.67301, -104.662125725, 40.12022203, 40.128582106
1770, -104.68383207, -104.672949123, 40.111882451, 40.120242539
1771, -104.662148379, -104.651265432, 40.111881942, 40.12024203
1772, -104.69465414, -104.68377252, 40.103542861, 40.111902961
1773, -104.651289411, -104.640407791, 40.103541842, 40.111901942
1774, -104.705476211, -104.694595916, 40.095203258, 40.10356337
1775, -104.640433095, -104.629552801, 40.095201731, 40.103561843
1776, -104.716298281, -104.705419312, 40.086863643, 40.095223767
1777, -104.629579427, -104.618700459, 40.086861608, 40.095221732
1778, -104.727120351, -104.716242708, 40.078524016, 40.086884152
1779, -104.618728408, -104.607850765, 40.078521473, 40.086881609
1780, -104.737942421, -104.727066103, 40.070184378, 40.078544525
1781, -104.607880034, -104.597003716, 40.070181326, 40.078541474
1782, -104.748764491, -104.737889497, 40.061844727, 40.070204886
1783, -104.597034305, -104.586159311, 40.061841168, 40.070201327
1784, -104.759586561, -104.748712891, 40.053505064, 40.061865235
1785, -104.586191219, -104.575317549, 40.053500998, 40.061861169
1786, -104.575350774, -104.564478427, 40.045160816, 40.053520999
1787, -104.564512968, -104.553641944, 40.036820623, 40.045180818
1788, -104.792052772, -104.781183069, 40.028486003, 40.03684621
1789, -104.5536778, -104.542808098, 40.028480417, 40.036840624
1790, -104.802874842, -104.79200646, 40.020146292, 40.028506511
1791, -104.792052772, -104.781185711, 40.011806352, 40.020166583
1792, -104.542845269, -104.531976888, 40.0201402, 40.028500419
1793, -104.532015372, -104.521148312, 40.011799971, 40.020160202
1794, -104.521188108, -104.510322368, 40.003459731, 40.011819973
1795, -104.510363475, -104.499499055, 39.995119479, 40.003479733
1796, -104.488735272, -104.47787349, 39.97843894, 39.986799219
1797, -104.477905348, -104.467044884, 39.970098651, 39.978458941
1798, -104.467091224, -104.456232077, 39.961758352, 39.970118654
1799, -104.456279722, -104.445421893, 39.953418041, 39.961778355
1800, -104.835341053, -104.824476631, 39.995127087, 40.003487341
1801, -104.846163123, -104.835300021, 39.986787327, 39.995147594
1802, -104.889451404, -104.878593573, 39.95342817, 39.961788484
1803, -104.900273474, -104.889416959, 39.945088351, 39.953448677
1804, -104.445470843, -104.43461433, 39.945077718, 39.953438044
1805, -104.911095544, -104.900240345, 39.936748519, 39.945108857
1806, -104.434664583, -104.423809386, 39.936737384, 39.945097722
1807, -104.921917614, -104.911063731, 39.928408676, 39.936769025
1808, -104.423860941, -104.413007059, 39.928397038, 39.936757387
1809, -104.932739684, -104.921887116, 39.92006882, 39.928429182
1810, -104.413059915, -104.402207349, 39.92005668, 39.928417041
1811, -104.943561754, -104.9327105, 39.911728953, 39.920089326
1812, -104.402261505, -104.391410252, 39.91171631, 39.920076684
1813, -104.954383825, -104.943533884, 39.903389073, 39.911749459
1814, -104.391465707, -104.380615769, 39.903375929, 39.911736314
1815, -104.965205895, -104.954357267, 39.895049182, 39.903409579
1816, -104.380672521, -104.369823896, 39.895035536, 39.903395933
1817, -104.976027965, -104.96518065, 39.886709278, 39.895069687
1818, -104.369881946, -104.359034633, 39.886695131, 39.89505554
1819, -104.359093978, -104.348247977, 39.878354714, 39.886715135
1820, -104.348308617, -104.337463928, 39.870014286, 39.878374719
1821, -104.997672105, -104.986830035, 39.853349555, 39.861710012
1822, -104.986850035, -104.976009275, 39.845009616, 39.853370084
1823, -104.976027965, -104.965188514, 39.836669676, 39.845030156
1824, -104.965205895, -104.954367753, 39.828329736, 39.836690229
1825, -104.954383825, -104.943546991, 39.819989797, 39.828350301
1826, -104.943561754, -104.932726228, 39.811649857, 39.820010373
1827, -104.932739684, -104.921905465, 39.803309917, 39.811670445
1828, -104.921917614, -104.911084702, 39.794969978, 39.803330517
1829, -104.911095544, -104.900263937, 39.786630038, 39.79499059
1830, -104.900273474, -104.889443173, 39.778290098, 39.786650662
1831, -104.889451404, -104.878622407, 39.769950159, 39.778310734
1832, -104.878629333, -104.867801642, 39.761610219, 39.769970806
1833, -104.867807263, -104.856980875, 39.753270279, 39.761630878
1834, -104.856985193, -104.846160108, 39.74493034, 39.75329095
1835, -104.846163123, -104.835339341, 39.7365904, 39.744951023
1836, -104.835341053, -104.824518573, 39.72825046, 39.736611095
1837, -104.737942421, -104.727131637, 39.653191003, 39.661551744
1838, -104.727120351, -104.716310864, 39.644851063, 39.653211817
1839, -104.716298281, -104.70549009, 39.636511124, 39.644871889
1840, -104.705476211, -104.694669315, 39.628171184, 39.636531961
1841, -104.69465414, -104.68384854, 39.619831244, 39.628192033
1842, -104.68383207, -104.673027765, 39.611491305, 39.619852105
1843, -104.67301, -104.662206988, 39.603151365, 39.611512177
1844, -104.662226988, -104.651422683, 39.611490804, 39.619851605
1845, -104.651441389, -104.640635789, 39.619830243, 39.628191032
1846, -104.640653199, -104.629846304, 39.628169682, 39.636530459
1847, -104.629862418, -104.619054228, 39.63650912, 39.644869885
1848, -104.619069045, -104.608259558, 39.644848558, 39.653209312
1849, -104.608273076, -104.597462293, 39.653187996, 39.661548738
1850, -104.597474512, -104.586662431, 39.661527434, 39.669888163
1851, -104.58667335, -104.575859971, 39.669866871, 39.678227589
1852, -104.575869588, -104.565054911, 39.678206308, 39.686567014
1853, -104.565063225, -104.554247249, 39.686545745, 39.694906439
1854, -104.554254259, -104.543436984, 39.694885181, 39.703245863
1855, -104.543442689, -104.532624114, 39.703224617, 39.711585287
1856, -104.532628514, -104.521808638, 39.711564053, 39.719924711
1857, -104.52181173, -104.510990553, 39.719903488, 39.728264135
1858, -104.510992337, -104.500169859, 39.728242923, 39.736603558
1859, -104.500170334, -104.489346553, 39.736582358, 39.744942981
1860, -104.489345718, -104.478520634, 39.744921793, 39.753282404
1861, -104.478518487, -104.467692101, 39.753261227, 39.761621826
1862, -104.467688641, -104.456860951, 39.761600661, 39.769961248
1863, -104.456856178, -104.446027183, 39.769940095, 39.77830067
1864, -104.446021095, -104.435190796, 39.778279528, 39.786640092
1865, -104.435183392, -104.424351787, 39.786618961, 39.794979513
1866, -104.424343067, -104.413510156, 39.794958394, 39.803318934
1867, -104.413485745, -104.402651528, 39.803297825, 39.811658353
1868, -104.402654542, -104.391819018, 39.811637259, 39.819997775
1869, -104.39180634, -104.380969508, 39.819976691, 39.828337195
1870, -104.380955508, -104.370117368, 39.828316122, 39.836676615
1871, -104.370102047, -104.359262598, 39.836655554, 39.845016034
1872, -104.359245953, -104.348405195, 39.844994985, 39.853355453
1873, -104.348387225, -104.337545157, 39.853334415, 39.861694872
1874, -104.337525861, -104.326682483, 39.861673846, 39.87003429
1875, -104.67301, -104.662124397, 40.128561596, 40.136921661
1876, -104.68383207, -104.672947795, 40.12022203, 40.128582106
1877, -104.69465414, -104.683771193, 40.111882451, 40.120242539
1878, -104.705476211, -104.69459459, 40.103542861, 40.111902961
1879, -104.716298281, -104.705417987, 40.095203258, 40.10356337
1880, -104.727120351, -104.716241382, 40.086863643, 40.095223767
1881, -104.737942421, -104.727064778, 40.078524016, 40.086884152
1882, -104.607872089, -104.596994447, 40.078520964, 40.0868811
1883, -104.748764491, -104.737888173, 40.070184378, 40.078544525
1884, -104.59702504, -104.586148722, 40.070180818, 40.078540965
1885, -104.759586561, -104.748711567, 40.061844727, 40.070204886
1886, -104.586180635, -104.575305641, 40.06184066, 40.070200819
1887, -104.575338872, -104.564465201, 40.05350049, 40.061860661
1888, -104.564499749, -104.553627402, 40.045160308, 40.053520491
1889, -104.553663265, -104.542792241, 40.036820115, 40.04518031
1890, -104.802874842, -104.792005139, 40.028486003, 40.03684621
1891, -104.542829419, -104.531959717, 40.028479909, 40.036840116
1892, -104.813696912, -104.80282853, 40.020146292, 40.028506511
1893, -104.802874842, -104.792007781, 40.011806352, 40.020166583
1894, -104.531998209, -104.521129827, 40.020139693, 40.028499911
1895, -104.521169632, -104.510302572, 40.011799464, 40.020159695
1896, -104.477894808, -104.467033026, 39.978438433, 39.986798712
1897, -104.467066201, -104.456205737, 39.970098145, 39.978458435
1898, -104.456253394, -104.445394248, 39.961757845, 39.970118148
1899, -104.445443209, -104.43458538, 39.953417535, 39.961777849
1900, -104.900273474, -104.889415643, 39.95342817, 39.961788484
1901, -104.911095544, -104.900239029, 39.945088351, 39.953448677
1902, -104.434635645, -104.423779133, 39.945077212, 39.953437538
1903, -104.921917614, -104.911062415, 39.936748519, 39.945108857
1904, -104.423830701, -104.412975504, 39.936736878, 39.945097215
1905, -104.932739684, -104.921885801, 39.928408676, 39.936769025
1906, -104.413028374, -104.402174492, 39.928396532, 39.936756881
1907, -104.943561754, -104.932709186, 39.92006882, 39.928429182
1908, -104.402228663, -104.391376096, 39.920056174, 39.928416535
1909, -104.954383825, -104.94353257, 39.911728953, 39.920089326
1910, -104.391431566, -104.380580314, 39.911715804, 39.920076178
1911, -104.965205895, -104.954355954, 39.903389073, 39.911749459
1912, -104.380637082, -104.369787143, 39.903375423, 39.911735808
1913, -104.976027965, -104.965179337, 39.895049182, 39.903409579
1914, -104.369845209, -104.358996583, 39.89503503, 39.903395427
1915, -104.986850035, -104.97600272, 39.886709278, 39.895069687
1916, -104.359055945, -104.348208632, 39.886694625, 39.895055035
1917, -104.348269289, -104.337423288, 39.878354209, 39.88671463
1918, -104.337485239, -104.32664055, 39.870013781, 39.878374214
1919, -105.008494176, -104.997652105, 39.853349555, 39.861710012
1920, -104.997672105, -104.986831345, 39.845009616, 39.853370084
1921, -104.986850035, -104.976010584, 39.836669676, 39.845030156
1922, -104.976027965, -104.965189823, 39.828329736, 39.836690229
1923, -104.965205895, -104.954369061, 39.819989797, 39.828350301
1924, -104.954383825, -104.943548298, 39.811649857, 39.820010373
1925, -104.943561754, -104.932727535, 39.803309917, 39.811670445
1926, -104.932739684, -104.921906772, 39.794969978, 39.803330517
1927, -104.921917614, -104.911086008, 39.786630038, 39.79499059
1928, -104.911095544, -104.900265243, 39.778290098, 39.786650662
1929, -104.900273474, -104.889444478, 39.769950159, 39.778310734
1930, -104.889451404, -104.878623712, 39.761610219, 39.769970806
1931, -104.878629333, -104.867802945, 39.753270279, 39.761630878
1932, -104.867807263, -104.856982179, 39.74493034, 39.75329095
1933, -104.856985193, -104.846161411, 39.7365904, 39.744951023
1934, -104.846163123, -104.835340643, 39.72825046, 39.736611095
1935, -104.737942421, -104.727132934, 39.644851063, 39.653211817
1936, -104.727120351, -104.71631216, 39.636511124, 39.644871889
1937, -104.716298281, -104.705491385, 39.628171184, 39.636531961
1938, -104.705476211, -104.69467061, 39.619831244, 39.628192033
1939, -104.69465414, -104.683849835, 39.611491305, 39.619852105
1940, -104.68383207, -104.673029059, 39.603151365, 39.611512177
1941, -104.67301, -104.662208282, 39.594811425, 39.60317225
1942, -104.662228282, -104.65142527, 39.603150865, 39.611511677
1943, -104.651443977, -104.640639671, 39.611490304, 39.619851105
1944, -104.640657083, -104.629851483, 39.619829743, 39.628190532
1945, -104.629867599, -104.619060704, 39.628169181, 39.636529958
1946, -104.619075523, -104.608267333, 39.636508619, 39.644869385
1947, -104.608280854, -104.597471367, 39.644848057, 39.653208811
1948, -104.59748359, -104.586672806, 39.653187495, 39.661548237
1949, -104.586683728, -104.575871647, 39.661526933, 39.669887662
1950, -104.575881269, -104.56506789, 39.66986637, 39.678227087
1951, -104.565076209, -104.554261532, 39.678205806, 39.686566512
1952, -104.554268548, -104.543452572, 39.686545243, 39.694905937
1953, -104.543458283, -104.532641008, 39.694884679, 39.703245361
1954, -104.532645414, -104.521826839, 39.703224115, 39.711584785
1955, -104.521829938, -104.511010062, 39.711563551, 39.719924209
1956, -104.511011854, -104.500190677, 39.719902986, 39.728263632
1957, -104.50019116, -104.489368682, 39.728242421, 39.736603056
1958, -104.489367855, -104.478544075, 39.736581856, 39.744942478
1959, -104.478541937, -104.467716854, 39.74492129, 39.753281901
1960, -104.446048488, -104.435219493, 39.769939592, 39.778300167
1961, -104.435212101, -104.424381801, 39.778279025, 39.786639588
1962, -104.424373093, -104.413541488, 39.786618458, 39.794979009
1963, -104.413531462, -104.402698551, 39.79495789, 39.80331843
1964, -104.402672834, -104.391838617, 39.803297321, 39.811657849
1965, -104.391840325, -104.381004801, 39.811636755, 39.819997271
1966, -104.380990815, -104.370153984, 39.819976187, 39.828336691
1967, -104.370138676, -104.359300537, 39.828315618, 39.83667611
1968, -104.359283907, -104.348444458, 39.836655049, 39.84501553
1969, -104.348426504, -104.337585746, 39.84499448, 39.853354949
1970, -104.337566467, -104.326724399, 39.853333911, 39.861694367
1971, -104.326703794, -104.315860416, 39.861673341, 39.870033786
1972, -104.67301, -104.662123069, 40.136901151, 40.145261203
1973, -104.68383207, -104.672946467, 40.128561596, 40.136921661
1974, -104.69465414, -104.683769865, 40.12022203, 40.128582106
1975, -104.705476211, -104.694593263, 40.111882451, 40.120242539
1976, -104.716298281, -104.70541666, 40.103542861, 40.111902961
1977, -104.727120351, -104.716240057, 40.095203258, 40.10356337
1978, -104.737942421, -104.727063453, 40.086863643, 40.095223767
1979, -104.748764491, -104.737886848, 40.078524016, 40.086884152
1980, -104.597015771, -104.586138129, 40.078520456, 40.086880591
1981, -104.759586561, -104.748710243, 40.070184378, 40.078544525
1982, -104.586170046, -104.575293728, 40.070180309, 40.078540457
1983, -104.770408632, -104.759533637, 40.061844727, 40.070204886
1984, -104.575326964, -104.564451971, 40.061840151, 40.070200311
1985, -104.564486524, -104.553612854, 40.053499981, 40.061860153
1986, -104.553648724, -104.542776377, 40.0451598, 40.053519983
1987, -104.542813563, -104.531942538, 40.036819607, 40.045179802
1988, -104.531981038, -104.521111336, 40.028479402, 40.036839609
1989, -104.813696912, -104.802829851, 40.011806352, 40.020166583
1990, -104.521151148, -104.510282767, 40.020139185, 40.028499404
1991, -104.467054344, -104.456192562, 39.978437926, 39.986798205
1992, -104.456227055, -104.445366591, 39.970097638, 39.978457928
1993, -104.445415565, -104.434556418, 39.961757339, 39.970117641
1994, -104.434606696, -104.423748867, 39.953417028, 39.961777342
1995, -104.911095544, -104.900237713, 39.95342817, 39.961788484
1996, -104.921917614, -104.9110611, 39.945088351, 39.953448677
1997, -104.423800448, -104.412943936, 39.945076706, 39.953437032
1998, -104.932739684, -104.921884486, 39.936748519, 39.945108857
1999, -104.412996819, -104.402141622, 39.936736372, 39.945096709
2000, -104.943561754, -104.932707871, 39.928408676, 39.936769025
2001, -104.402195807, -104.391341926, 39.928396026, 39.936756375
2002, -104.954383825, -104.943531256, 39.92006882, 39.928429182
2003, -104.39139741, -104.380544844, 39.920055668, 39.92841603
2004, -104.965205895, -104.95435464, 39.911728953, 39.920089326
2005, -104.380601627, -104.369750375, 39.911715299, 39.920075672
2006, -104.976027965, -104.965178024, 39.903389073, 39.911749459
2007, -104.369808456, -104.358958518, 39.903374918, 39.911735303
2008, -104.986850035, -104.976001408, 39.895049182, 39.903409579
2009, -104.359017896, -104.34816927, 39.895034525, 39.903394922
2010, -104.348229944, -104.337382632, 39.88669412, 39.895054529
2011, -104.3374446, -104.326598599, 39.878353704, 39.886714125
2012, -104.326661861, -104.315817172, 39.870013276, 39.878373709
2013, -105.008494176, -104.997653415, 39.845009616, 39.853370084
2014, -104.997672105, -104.986832654, 39.836669676, 39.845030156
2015, -104.986850035, -104.976011893, 39.828329736, 39.836690229
2016, -104.976027965, -104.965191131, 39.819989797, 39.828350301
2017, -104.965205895, -104.954370369, 39.811649857, 39.820010373
2018, -104.954383825, -104.943549605, 39.803309917, 39.811670445
2019, -104.943561754, -104.932728842, 39.794969978, 39.803330517
2020, -104.932739684, -104.921908078, 39.786630038, 39.79499059
2021, -104.921917614, -104.911087313, 39.778290098, 39.786650662
2022, -104.911095544, -104.900266548, 39.769950159, 39.778310734
2023, -104.900273474, -104.889445782, 39.761610219, 39.769970806
2024, -104.889451404, -104.878625016, 39.753270279, 39.761630878
2025, -104.878629333, -104.867804249, 39.74493034, 39.75329095
2026, -104.867807263, -104.856983481, 39.7365904, 39.744951023
2027, -104.856985193, -104.846162713, 39.72825046, 39.736611095
2028, -104.737942421, -104.72713423, 39.636511124, 39.644871889
2029, -104.727120351, -104.716313455, 39.628171184, 39.636531961
2030, -104.716298281, -104.70549268, 39.619831244, 39.628192033
2031, -104.705476211, -104.694671905, 39.611491305, 39.619852105
2032, -104.69465414, -104.683851129, 39.603151365, 39.611512177
2033, -104.68383207, -104.673030352, 39.594811425, 39.60317225
2034, -104.67301, -104.662209575, 39.586471485, 39.594832322
2035, -104.662229575, -104.651427857, 39.594810925, 39.60317175
2036, -104.651446564, -104.640643553, 39.603150364, 39.611511177
2037, -104.640660965, -104.62985666, 39.611489803, 39.619850604
2038, -104.629872778, -104.619067178, 39.619829242, 39.628190031
2039, -104.619081999, -104.608275104, 39.62816868, 39.636529458
2040, -104.608288628, -104.597480438, 39.636508119, 39.644868884
2041, -104.597492663, -104.586683176, 39.644847556, 39.65320831
2042, -104.586694103, -104.575883319, 39.653186994, 39.661547735
2043, -104.575892945, -104.565080864, 39.661526431, 39.669887161
2044, -104.565089188, -104.554275809, 39.669865868, 39.678226586
2045, -104.55428283, -104.543468154, 39.678205305, 39.686566011
2046, -104.543473871, -104.532657895, 39.686544741, 39.694905435
2047, -104.532662308, -104.521845032, 39.694884177, 39.703244859
2048, -104.521848139, -104.511029564, 39.703223613, 39.711584283
2049, -104.511031363, -104.500211487, 39.711563048, 39.719923707
2050, -104.500211978, -104.489390802, 39.719902484, 39.72826313
2051, -104.489389984, -104.478567505, 39.728241919, 39.736602553
2052, -104.478565377, -104.467741596, 39.736581353, 39.744941976
2053, -104.435240797, -104.424411803, 39.769939088, 39.778299664
2054, -104.424403106, -104.413572807, 39.778278522, 39.786639085
2055, -104.413562793, -104.402731189, 39.786617954, 39.794978506
2056, -104.402719857, -104.391886946, 39.794957387, 39.803317927
2057, -104.391859923, -104.381025706, 39.803296817, 39.811657345
2058, -104.381026108, -104.370190583, 39.811636251, 39.819996767
2059, -104.370175291, -104.359338459, 39.819975683, 39.828336187
2060, -104.359321845, -104.348483705, 39.828315114, 39.836675606
2061, -104.348465767, -104.337626318, 39.836654545, 39.845015025
2062, -104.337607055, -104.326766297, 39.844993976, 39.853354444
2063, -104.326745709, -104.315903641, 39.853333406, 39.861693863
2064, -104.315881726, -104.305038348, 39.861672836, 39.870033281
2065, -104.68383207, -104.672945139, 40.136901151, 40.145261203
2066, -104.69465414, -104.683768537, 40.128561596, 40.136921661
2067, -104.705476211, -104.694591936, 40.12022203, 40.128582106
2068, -104.716298281, -104.705415333, 40.111882451, 40.120242539
2069, -104.737942421, -104.727062127, 40.095203258, 40.10356337
2070, -104.748764491, -104.737885523, 40.086863643, 40.095223767
2071, -104.759586561, -104.748708918, 40.078524016, 40.086884152
2072, -104.597015771, -104.586136803, 40.086860082, 40.095220206
2073, -104.586159453, -104.575281811, 40.078519947, 40.086880083
2074, -104.770408632, -104.759532313, 40.070184378, 40.078544525
2075, -104.575315052, -104.564438734, 40.070179801, 40.078539948
2076, -104.564473294, -104.553598301, 40.061839643, 40.070199802
2077, -104.553634177, -104.542760507, 40.053499473, 40.061859645
2078, -104.5427977, -104.531925353, 40.045159292, 40.053519475
2079, -104.53196386, -104.521092836, 40.036819099, 40.045179294
2080, -104.521132657, -104.510262954, 40.028478894, 40.036839101
2081, -104.824518982, -104.813651921, 40.011806352, 40.020166583
2082, -104.813696912, -104.802831171, 40.003466413, 40.011826655
2083, -104.445387908, -104.434527444, 39.970097131, 39.978457421
2084, -104.434577735, -104.423718589, 39.961756832, 39.970117134
2085, -104.423770183, -104.412912354, 39.953416522, 39.961776836
2086, -104.921917614, -104.911059783, 39.95342817, 39.961788484
2087, -104.932739684, -104.92188317, 39.945088351, 39.953448677
2088, -104.412965251, -104.402108739, 39.945076199, 39.953436525
2089, -104.943561754, -104.932706556, 39.936748519, 39.945108857
2090, -104.402162938, -104.391307741, 39.936735865, 39.945096203
2091, -104.954383825, -104.943529941, 39.928408676, 39.936769025
2092, -104.39136324, -104.380509359, 39.92839552, 39.936755869
2093, -104.965205895, -104.954353326, 39.92006882, 39.928429182
2094, -104.380566158, -104.369713591, 39.920055162, 39.928415524
2095, -104.976027965, -104.965176711, 39.911728953, 39.920089326
2096, -104.369771688, -104.358920436, 39.911714793, 39.920075166
2097, -104.986850035, -104.976000095, 39.903389073, 39.911749459
2098, -104.358979831, -104.348129892, 39.903374412, 39.911734797
2099, -104.997672105, -104.986823478, 39.895049182, 39.903409579
2100, -104.348190583, -104.337341958, 39.895034019, 39.903394417
2101, -104.337403943, -104.326556631, 39.886693615, 39.895054024
2102, -104.326619911, -104.31577391, 39.878353199, 39.88671362
2103, -104.315838483, -104.304993794, 39.870012771, 39.878373204
2104, -105.019316246, -105.008475485, 39.845009616, 39.853370084
2105, -105.008494176, -104.997654725, 39.836669676, 39.845030156
2106, -104.997672105, -104.986833963, 39.828329736, 39.836690229
2107, -104.986850035, -104.976013201, 39.819989797, 39.828350301
2108, -104.976027965, -104.965192439, 39.811649857, 39.820010373
2109, -104.965205895, -104.954371676, 39.803309917, 39.811670445
2110, -104.954383825, -104.943550912, 39.794969978, 39.803330517
2111, -104.943561754, -104.932730148, 39.786630038, 39.79499059
2112, -104.932739684, -104.921909383, 39.778290098, 39.786650662
2113, -104.921917614, -104.911088618, 39.769950159, 39.778310734
2114, -104.911095544, -104.900267852, 39.761610219, 39.769970806
2115, -104.900273474, -104.889447086, 39.753270279, 39.761630878
2116, -104.889451404, -104.878626319, 39.74493034, 39.75329095
2117, -104.878629333, -104.867805552, 39.7365904, 39.744951023
2118, -104.867807263, -104.856984784, 39.72825046, 39.736611095
2119, -104.727120351, -104.716314751, 39.619831244, 39.628192033
2120, -104.716298281, -104.705493975, 39.611491305, 39.619852105
2121, -104.705476211, -104.694673199, 39.603151365, 39.611512177
2122, -104.662230867, -104.651430442, 39.586470985, 39.594831822
2123, -104.65144915, -104.640647432, 39.594810425, 39.603171249
2124, -104.640664846, -104.629861835, 39.603149864, 39.611510677
2125, -104.629877954, -104.619073649, 39.611489303, 39.619850104
2126, -104.619088472, -104.608282872, 39.619828742, 39.62818953
2127, -104.608296399, -104.597489504, 39.62816818, 39.636528957
2128, -104.597501733, -104.586693543, 39.636507618, 39.644868383
2129, -104.586704473, -104.575894986, 39.644847055, 39.653207809
2130, -104.575904616, -104.565093832, 39.653186493, 39.661547234
2131, -104.565102161, -104.55429008, 39.66152593, 39.66988666
2132, -104.554297107, -104.543483729, 39.669865367, 39.678226084
2133, -104.543489452, -104.532674775, 39.678204803, 39.686565509
2134, -104.532679194, -104.521863218, 39.686544239, 39.694904933
2135, -104.521866332, -104.511049057, 39.694883675, 39.703244358
2136, -104.511050864, -104.500232288, 39.703223111, 39.711583781
2137, -104.500232788, -104.489412912, 39.711562546, 39.719923205
2138, -104.489412103, -104.478590926, 39.719901981, 39.728262628
2139, -104.478588807, -104.467766329, 39.728241416, 39.736602051
2140, -104.467762899, -104.456939118, 39.736580851, 39.744941473
2141, -104.424433107, -104.413604113, 39.769938585, 39.778299161
2142, -104.413594112, -104.402763813, 39.778278018, 39.786638582
2143, -104.402752494, -104.391920889, 39.786617451, 39.794978002
2144, -104.391908252, -104.381075342, 39.794956883, 39.803317423
2145, -104.381047013, -104.370212796, 39.803296314, 39.811656841
2146, -104.37021189, -104.359376366, 39.811635747, 39.819996263
2147, -104.359359767, -104.348522935, 39.819975178, 39.828335683
2148, -104.348505013, -104.337666873, 39.82831461, 39.836675102
2149, -104.337647627, -104.326808178, 39.836654041, 39.845014521
2150, -104.326787607, -104.315946849, 39.844993471, 39.85335394
2151, -104.315924951, -104.305082884, 39.853332901, 39.861693358
2152, -104.305059658, -104.294216281, 39.861672331, 39.870032776
2153, -104.68383207, -104.67294381, 40.145240693, 40.153600734
2154, -104.69465414, -104.683767209, 40.136901151, 40.145261203
2155, -104.705476211, -104.694590608, 40.128561596, 40.136921661
2156, -104.748764491, -104.737884197, 40.095203258, 40.10356337
2157, -104.759586561, -104.748707593, 40.086863643, 40.095223767
2158, -104.770408632, -104.759530988, 40.078524016, 40.086884152
2159, -104.586158128, -104.575279161, 40.086859574, 40.095219697
2160, -104.575303135, -104.564425493, 40.078519438, 40.086879574
2161, -104.564460058, -104.553583741, 40.070179292, 40.07853944
2162, -104.553619624, -104.54274463, 40.061839134, 40.070199294
2163, -104.54278183, -104.53190816, 40.053498965, 40.061859136
2164, -104.531946675, -104.521074329, 40.045158784, 40.053518967
2165, -104.521114158, -104.510243133, 40.036818591, 40.045178786
2166, -104.434548762, -104.423688298, 39.970096624, 39.978456914
2167, -104.423739906, -104.41288076, 39.961756326, 39.970116628
2168, -104.412933671, -104.402075842, 39.953416015, 39.961776329
2169, -104.921917614, -104.911058466, 39.961767977, 39.97012828
2170, -104.932739684, -104.921881853, 39.95342817, 39.961788484
2171, -104.943561754, -104.93270524, 39.945088351, 39.953448677
2172, -104.402130055, -104.391273542, 39.945075693, 39.953436019
2173, -104.954383825, -104.943528626, 39.936748519, 39.945108857
2174, -104.391329056, -104.38047386, 39.936735359, 39.945095697
2175, -104.965205895, -104.954352011, 39.928408676, 39.936769025
2176, -104.380530674, -104.369676793, 39.928395014, 39.936755363
2177, -104.976027965, -104.965175396, 39.92006882, 39.928429182
2178, -104.369734906, -104.358882339, 39.920054656, 39.928415018
2179, -104.986850035, -104.975998781, 39.911728953, 39.920089326
2180, -104.35894175, -104.348090498, 39.911714287, 39.920074661
2181, -104.997672105, -104.986822165, 39.903389073, 39.911749459
2182, -104.348151205, -104.337301267, 39.903373906, 39.911734292
2183, -104.33736327, -104.326514645, 39.895033514, 39.903393911
2184, -104.326577943, -104.315730631, 39.88669311, 39.895053519
2185, -104.315795222, -104.304949221, 39.878352694, 39.886713115
2186, -104.305015105, -104.294170416, 39.870012266, 39.878372699
2187, -105.030138316, -105.019297556, 39.845009616, 39.853370084
2188, -105.019316246, -105.008476795, 39.836669676, 39.845030156
2189, -105.008494176, -104.997656033, 39.828329736, 39.836690229
2190, -104.997672105, -104.986835271, 39.819989797, 39.828350301
2191, -104.986850035, -104.976014509, 39.811649857, 39.820010373
2192, -104.976027965, -104.965193746, 39.803309917, 39.811670445
2193, -104.965205895, -104.954372982, 39.794969978, 39.803330517
2194, -104.954383825, -104.943552218, 39.786630038, 39.79499059
2195, -104.943561754, -104.932731453, 39.778290098, 39.786650662
2196, -104.932739684, -104.921910688, 39.769950159, 39.778310734
2197, -104.921917614, -104.911089922, 39.761610219, 39.769970806
2198, -104.911095544, -104.900269156, 39.753270279, 39.761630878
2199, -104.900273474, -104.889448389, 39.74493034, 39.75329095
2200, -104.889451404, -104.878627622, 39.7365904, 39.744951023
2201, -104.878629333, -104.867806854, 39.72825046, 39.736611095
2202, -104.651451735, -104.64065131, 39.586470486, 39.594831322
2203, -104.640668725, -104.629867007, 39.594809925, 39.603170749
2204, -104.629883128, -104.619080117, 39.603149364, 39.611510176
2205, -104.619094943, -104.608290637, 39.611488803, 39.619849603
2206, -104.608304167, -104.597498567, 39.619828241, 39.62818903
2207, -104.597510799, -104.586703904, 39.628167679, 39.636528456
2208, -104.586714838, -104.575906648, 39.636507117, 39.644867882
2209, -104.575916282, -104.565106795, 39.644846555, 39.653207308
2210, -104.565115129, -104.554304346, 39.653185992, 39.661546733
2211, -104.554311378, -104.543499297, 39.661525429, 39.669886158
2212, -104.543505026, -104.532691648, 39.669864865, 39.678225583
2213, -104.532696073, -104.521881397, 39.678204302, 39.686565008
2214, -104.521884517, -104.511068542, 39.686543738, 39.694904432
2215, -104.511070356, -104.500253081, 39.694883174, 39.703243856
2216, -104.500253588, -104.489435013, 39.703222609, 39.711583279
2217, -104.478612227, -104.467791051, 39.719901479, 39.728262126
2218, -104.46778763, -104.456965152, 39.728240914, 39.736601548
2219, -104.467762899, -104.456937815, 39.744920971, 39.753281581
2220, -104.424433107, -104.413605417, 39.761598646, 39.769959233
2221, -104.413625417, -104.402796423, 39.769938082, 39.778298657
2222, -104.402785117, -104.391954818, 39.778277515, 39.786638078
2223, -104.391942195, -104.38111059, 39.786616947, 39.794977499
2224, -104.381096648, -104.370263737, 39.79495638, 39.803316919
2225, -104.370234102, -104.359399885, 39.80329581, 39.811656338
2226, -104.359397673, -104.348562149, 39.811635243, 39.819995759
2227, -104.348544243, -104.337707411, 39.819974674, 39.828335178
2228, -104.337688181, -104.326850042, 39.828314105, 39.836674598
2229, -104.326829487, -104.315990038, 39.836653536, 39.845014016
2230, -104.315968158, -104.305127401, 39.844992967, 39.853353435
2231, -104.305104193, -104.294262126, 39.853332397, 39.861692853
2232, -104.294237591, -104.283394213, 39.861671827, 39.870032271
2233, -104.69465414, -104.68376588, 40.145240693, 40.153600734
2234, -104.705476211, -104.694589279, 40.136901151, 40.145261203
2235, -104.759586561, -104.748706267, 40.095203258, 40.10356337
2236, -104.770408632, -104.759529663, 40.086863643, 40.095223767
2237, -104.586158128, -104.575277835, 40.095199188, 40.1035593
2238, -104.575300486, -104.564421518, 40.086859065, 40.095219188
2239, -104.564446817, -104.553569175, 40.07851893, 40.086879065
2240, -104.553605065, -104.542728747, 40.070178784, 40.078538931
2241, -104.434548762, -104.42368698, 39.978436408, 39.986796686
2242, -104.423709616, -104.412849152, 39.970096118, 39.978456408
2243, -104.412902077, -104.402042931, 39.961755819, 39.970116121
2244, -104.402097158, -104.391239329, 39.953415509, 39.961775823
2245, -104.932739684, -104.921880536, 39.961767977, 39.97012828
2246, -104.943561754, -104.932703924, 39.95342817, 39.961788484
2247, -104.954383825, -104.94352731, 39.945088351, 39.953448677
2248, -104.391294858, -104.380438345, 39.945075187, 39.953435513
2249, -104.965205895, -104.954350696, 39.936748519, 39.945108857
2250, -104.380495175, -104.369639978, 39.936734853, 39.945095191
2251, -104.976027965, -104.965174082, 39.928408676, 39.936769025
2252, -104.369698107, -104.358844226, 39.928394508, 39.936754857
2253, -104.986850035, -104.975997467, 39.92006882, 39.928429182
2254, -104.358903653, -104.348051087, 39.92005415, 39.928414512
2255, -104.997672105, -104.986820851, 39.911728953, 39.920089326
2256, -104.348111811, -104.33726056, 39.911713782, 39.920074155
2257, -105.008494176, -104.997644235, 39.903389073, 39.911749459
2258, -104.33732258, -104.326472642, 39.903373401, 39.911733786
2259, -104.326535958, -104.315687333, 39.895033009, 39.903393406
2260, -104.315751942, -104.30490463, 39.886692604, 39.895053013
2261, -104.304970533, -104.294124533, 39.878352189, 39.88671261
2262, -104.294191727, -104.283347038, 39.870011761, 39.878372194
2263, -105.030138316, -105.019298865, 39.836669676, 39.845030156
2264, -105.019316246, -105.008478104, 39.828329736, 39.836690229
2265, -105.008494176, -104.997657342, 39.819989797, 39.828350301
2266, -104.997672105, -104.986836579, 39.811649857, 39.820010373
2267, -104.986850035, -104.976015816, 39.803309917, 39.811670445
2268, -104.976027965, -104.965195052, 39.794969978, 39.803330517
2269, -104.965205895, -104.954374288, 39.786630038, 39.79499059
2270, -104.954383825, -104.943553524, 39.778290098, 39.786650662
2271, -104.943561754, -104.932732758, 39.769950159, 39.778310734
2272, -104.932739684, -104.921911993, 39.761610219, 39.769970806
2273, -104.921917614, -104.911091226, 39.753270279, 39.761630878
2274, -104.911095544, -104.900270459, 39.74493034, 39.75329095
2275, -104.900273474, -104.889449692, 39.7365904, 39.744951023
2276, -104.889451404, -104.878628924, 39.72825046, 39.736611095
2277, -104.629883128, -104.61908141, 39.594809424, 39.603170249
2278, -104.61910141, -104.608298399, 39.603148864, 39.611509676
2279, -104.608311931, -104.597507626, 39.611488302, 39.619849103
2280, -104.597519862, -104.586714262, 39.61982774, 39.628188529
2281, -104.5867252, -104.575918305, 39.628167178, 39.636527956
2282, -104.575927943, -104.565119753, 39.636506616, 39.644867381
2283, -104.565128092, -104.554318605, 39.644846054, 39.653206807
2284, -104.554325642, -104.543514859, 39.653185491, 39.661546232
2285, -104.543520594, -104.532708514, 39.661524927, 39.669885657
2286, -104.532712946, -104.521899567, 39.669864364, 39.678225082
2287, -104.521902695, -104.511088018, 39.6782038, 39.686564506
2288, -104.51108984, -104.500273865, 39.686543236, 39.69490393
2289, -104.50027438, -104.489457105, 39.694882672, 39.703243354
2290, -104.413626721, -104.402799031, 39.761598143, 39.76995873
2291, -104.402817727, -104.391988733, 39.769937579, 39.778298154
2292, -104.391976123, -104.381145824, 39.778277012, 39.786637575
2293, -104.381131896, -104.370300291, 39.786616444, 39.794976995
2294, -104.370285043, -104.359452133, 39.794955876, 39.803316416
2295, -104.359421192, -104.348586975, 39.803295306, 39.811655834
2296, -104.348583456, -104.337747932, 39.811634739, 39.819995255
2297, -104.337728719, -104.326891887, 39.81997417, 39.828334674
2298, -104.32687135, -104.31603321, 39.828313601, 39.836674093
2299, -104.316011347, -104.305171899, 39.836653032, 39.845013512
2300, -104.30514871, -104.294307952, 39.844992462, 39.85335293
2301, -104.294283436, -104.283441368, 39.853331892, 39.861692349
2302, -104.283415524, -104.272572146, 39.861671322, 39.870031766
2303, -104.69465414, -104.68376455, 40.153580224, 40.161940252
2304, -104.705476211, -104.69458795, 40.145240693, 40.153600734
2305, -104.770408632, -104.759528337, 40.095203258, 40.10356337
2306, -104.575299161, -104.564418867, 40.095198679, 40.103558791
2307, -104.564442843, -104.553563876, 40.086858556, 40.09521868
2308, -104.553590499, -104.542712857, 40.078518421, 40.086878556
2309, -104.423708298, -104.412846516, 39.978435901, 39.986796179
2310, -104.412870469, -104.402010006, 39.970095611, 39.978455901
2311, -104.402064247, -104.391205102, 39.961755312, 39.970115614
2312, -104.391260645, -104.380402816, 39.953415002, 39.961775316
2313, -104.943561754, -104.932702607, 39.961767977, 39.97012828
2314, -104.954383825, -104.943525994, 39.95342817, 39.961788484
2315, -104.965205895, -104.95434938, 39.945088351, 39.953448677
2316, -104.380459661, -104.369603149, 39.945074681, 39.953435006
2317, -104.976027965, -104.965172766, 39.936748519, 39.945108857
2318, -104.369661294, -104.358806097, 39.936734347, 39.945094685
2319, -104.986850035, -104.975996152, 39.928408676, 39.936769025
2320, -104.358865541, -104.34801166, 39.928394002, 39.936754351
2321, -104.997672105, -104.986819537, 39.92006882, 39.928429182
2322, -104.348072401, -104.337219835, 39.920053645, 39.928414006
2323, -105.008494176, -104.997642921, 39.911728953, 39.920089326
2324, -104.337281873, -104.326430621, 39.911713276, 39.920073649
2325, -105.019316246, -105.008466305, 39.903389073, 39.911749459
2326, -104.326493955, -104.315644017, 39.903372895, 39.911733281
2327, -104.315708645, -104.30486002, 39.895032503, 39.9033929
2328, -104.304925942, -104.29407863, 39.886692099, 39.895052508
2329, -104.294145844, -104.283299844, 39.878351683, 39.886712104
2330, -104.283368349, -104.272523661, 39.870011256, 39.878371689
2331, -105.040960386, -105.030120935, 39.836669676, 39.845030156
2332, -105.030138316, -105.019300174, 39.828329736, 39.836690229
2333, -105.019316246, -105.008479412, 39.819989797, 39.828350301
2334, -105.008494176, -104.997658649, 39.811649857, 39.820010373
2335, -104.997672105, -104.986837886, 39.803309917, 39.811670445
2336, -104.986850035, -104.976017123, 39.794969978, 39.803330517
2337, -104.976027965, -104.965196358, 39.786630038, 39.79499059
2338, -104.965205895, -104.954375594, 39.778290098, 39.786650662
2339, -104.954383825, -104.943554828, 39.769950159, 39.778310734
2340, -104.943561754, -104.932734063, 39.761610219, 39.769970806
2341, -104.932739684, -104.921913296, 39.753270279, 39.761630878
2342, -104.921917614, -104.911092529, 39.74493034, 39.75329095
2343, -104.911095544, -104.900271762, 39.7365904, 39.744951023
2344, -104.900273474, -104.889450994, 39.72825046, 39.736611095
2345, -104.619102703, -104.608300986, 39.594808924, 39.603169749
2346, -104.608319693, -104.597516682, 39.603148363, 39.611509176
2347, -104.59752892, -104.586724615, 39.611487802, 39.619848603
2348, -104.586735557, -104.575929957, 39.61982724, 39.628188029
2349, -104.5759396, -104.565132705, 39.628166678, 39.636527455
2350, -104.565141049, -104.554332858, 39.636506115, 39.644866881
2351, -104.532729811, -104.521917731, 39.661524426, 39.669885156
2352, -104.521920865, -104.511107487, 39.669863863, 39.67822458
2353, -104.511109317, -104.50029464, 39.678203299, 39.686564004
2354, -104.500295164, -104.489479188, 39.686542734, 39.694903428
2355, -104.489478405, -104.47866113, 39.69488217, 39.703242852
2356, -104.413626721, -104.402800335, 39.753258203, 39.761618802
2357, -104.402820335, -104.391992645, 39.761597639, 39.769958227
2358, -104.392010037, -104.381181043, 39.769937076, 39.778297651
2359, -104.381167129, -104.37033683, 39.778276508, 39.786637072
2360, -104.370321597, -104.359489992, 39.78661594, 39.794976492
2361, -104.359473439, -104.348640528, 39.794955372, 39.803315912
2362, -104.348608281, -104.337774064, 39.803294802, 39.81165533
2363, -104.337769239, -104.326933716, 39.811634235, 39.819994751
2364, -104.326913195, -104.316076363, 39.819973666, 39.82833417
2365, -104.316054518, -104.305216379, 39.828313097, 39.836673589
2366, -104.305193207, -104.294353759, 39.836652527, 39.845013008
2367, -104.294329261, -104.283488504, 39.844991958, 39.853352426
2368, -104.283462678, -104.272620611, 39.853331387, 39.861691844
2369, -104.272593456, -104.261750079, 39.861670817, 39.870031262
2370, -104.564440193, -104.553559899, 40.09519817, 40.103558282
2371, -104.553585201, -104.542706233, 40.086858047, 40.095218171
2372, -104.423708298, -104.412845198, 39.986775672, 39.995135938
2373, -104.412867834, -104.402006053, 39.978435394, 39.986795672
2374, -104.402031323, -104.39117086, 39.970095104, 39.978455394
2375, -104.391226418, -104.380367273, 39.961754806, 39.970115108
2376, -104.380424133, -104.369566304, 39.953414496, 39.96177481
2377, -104.954383825, -104.943524677, 39.961767977, 39.97012828
2378, -104.965205895, -104.954348064, 39.95342817, 39.961788484
2379, -104.976027965, -104.96517145, 39.945088351, 39.953448677
2380, -104.369624465, -104.358767952, 39.945074174, 39.9534345
2381, -104.986850035, -104.975994837, 39.936748519, 39.945108857
2382, -104.358827412, -104.347972216, 39.936733841, 39.945094179
2383, -104.997672105, -104.986818222, 39.928408676, 39.936769025
2384, -104.348032974, -104.337179093, 39.928393496, 39.936753845
2385, -105.008494176, -104.997641607, 39.92006882, 39.928429182
2386, -104.337241149, -104.326388583, 39.920053139, 39.9284135
2387, -105.019316246, -105.008464991, 39.911728953, 39.920089326
2388, -104.326451935, -104.315600683, 39.91171277, 39.920073144
2389, -104.31566533, -104.304815392, 39.90337239, 39.911732775
2390, -104.304881333, -104.294032708, 39.895031998, 39.903392395
2391, -104.294099942, -104.28325263, 39.886691594, 39.895052003
2392, -104.283321155, -104.272475155, 39.878351178, 39.886711599
2393, -104.272544971, -104.261700283, 39.870010751, 39.878371184
2394, -105.040960386, -105.030122244, 39.828329736, 39.836690229
2395, -105.030138316, -105.019301482, 39.819989797, 39.828350301
2396, -105.019316246, -105.008480719, 39.811649857, 39.820010373
2397, -105.008494176, -104.997659956, 39.803309917, 39.811670445
2398, -104.997672105, -104.986839193, 39.794969978, 39.803330517
2399, -104.986850035, -104.976018429, 39.786630038, 39.79499059
2400, -104.976027965, -104.965197664, 39.778290098, 39.786650662
2401, -104.965205895, -104.954376899, 39.769950159, 39.778310734
2402, -104.954383825, -104.943556133, 39.761610219, 39.769970806
2403, -104.943561754, -104.932735367, 39.753270279, 39.761630878
2404, -104.932739684, -104.9219146, 39.74493034, 39.75329095
2405, -104.921917614, -104.911093832, 39.7365904, 39.744951023
2406, -104.911095544, -104.900273064, 39.72825046, 39.736611095
2407, -104.900273474, -104.889452296, 39.71991052, 39.728271167
2408, -104.619102703, -104.608302279, 39.586468984, 39.594829821
2409, -104.608322279, -104.597520561, 39.594808424, 39.603169248
2410, -104.597537975, -104.586734964, 39.603147863, 39.611508676
2411, -104.586745909, -104.575941604, 39.611487301, 39.619848102
2412, -104.575951252, -104.565145652, 39.619826739, 39.628187528
2413, -104.565154, -104.554347106, 39.628166177, 39.636526954
2414, -104.521939028, -104.511126947, 39.661523925, 39.669884654
2415, -104.511128785, -104.500315406, 39.669863361, 39.678224079
2416, -104.500315938, -104.489501262, 39.678202797, 39.686563503
2417, -104.489500487, -104.478684512, 39.686542233, 39.694902927
2418, -104.402821638, -104.391995252, 39.7532577, 39.761618299
2419, -104.392013949, -104.381186259, 39.761597136, 39.769957724
2420, -104.381202348, -104.370373353, 39.769936573, 39.778297148
2421, -104.370358135, -104.359527836, 39.778276005, 39.786636568
2422, -104.359511298, -104.348679693, 39.786615437, 39.794975988
2423, -104.348661834, -104.337828924, 39.794954869, 39.803315408
2424, -104.337795371, -104.326961154, 39.803294299, 39.811654826
2425, -104.326955023, -104.316119499, 39.811633731, 39.819994247
2426, -104.316097671, -104.30526084, 39.819973162, 39.828333666
2427, -104.305237687, -104.294399547, 39.828312593, 39.836673085
2428, -104.294375068, -104.28353562, 39.836652023, 39.845012503
2429, -104.283509813, -104.272669056, 39.844991453, 39.853351921
2430, -104.272641921, -104.261799854, 39.853330883, 39.861691339
2431, -104.261771389, -104.250928012, 39.861670312, 39.870030757
2432, -104.564440193, -104.553558573, 40.103537773, 40.111897873
2433, -104.553581225, -104.542700932, 40.095197661, 40.103557773
2434, -104.412866516, -104.402003416, 39.986775165, 39.995135431
2435, -104.402027371, -104.391165589, 39.978434887, 39.986795165
2436, -104.391192177, -104.380331714, 39.970094597, 39.978454887
2437, -104.380388589, -104.369529444, 39.961754299, 39.970114601
2438, -104.36958762, -104.358729792, 39.953413989, 39.961774303
2439, -104.965205895, -104.954346747, 39.961767977, 39.97012828
2440, -104.976027965, -104.965170134, 39.95342817, 39.961788484
2441, -104.986850035, -104.975993521, 39.945088351, 39.953448677
2442, -104.358789268, -104.347932756, 39.945073668, 39.953433994
2443, -104.997672105, -104.986816907, 39.936748519, 39.945108857
2444, -104.347993531, -104.337138335, 39.936733335, 39.945093672
2445, -105.008494176, -104.997640292, 39.928408676, 39.936769025
2446, -104.337200408, -104.326346527, 39.92839299, 39.936753339
2447, -105.019316246, -105.008463677, 39.92006882, 39.928429182
2448, -104.326409897, -104.315557331, 39.920052633, 39.928412994
2449, -105.030138316, -105.019287062, 39.911728953, 39.920089326
2450, -104.315621997, -104.304770745, 39.911712264, 39.920072638
2451, -104.304836705, -104.293986767, 39.903371884, 39.91173227
2452, -104.29405402, -104.283205396, 39.895031492, 39.903391889
2453, -104.283273941, -104.272426629, 39.886691089, 39.895051498
2454, -104.272496466, -104.261650467, 39.878350673, 39.886711094
2455, -104.261721594, -104.250876905, 39.870010246, 39.878370679
2456, -105.040960386, -105.030123552, 39.819989797, 39.828350301
2457, -105.030138316, -105.01930279, 39.811649857, 39.820010373
2458, -105.019316246, -105.008482027, 39.803309917, 39.811670445
2459, -105.008494176, -104.997661263, 39.794969978, 39.803330517
2460, -104.997672105, -104.986840499, 39.786630038, 39.79499059
2461, -104.986850035, -104.976019734, 39.778290098, 39.786650662
2462, -104.976027965, -104.965198969, 39.769950159, 39.778310734
2463, -104.965205895, -104.954378203, 39.761610219, 39.769970806
2464, -104.954383825, -104.943557437, 39.753270279, 39.761630878
2465, -104.943561754, -104.93273667, 39.74493034, 39.75329095
2466, -104.932739684, -104.921915902, 39.7365904, 39.744951023
2467, -104.921917614, -104.911095134, 39.72825046, 39.736611095
2468, -104.911095544, -104.900274366, 39.71991052, 39.728271167
2469, -104.608323571, -104.597523147, 39.586468484, 39.594829321
2470, -104.597541854, -104.586740137, 39.594807924, 39.603168748
2471, -104.586756258, -104.575953247, 39.603147363, 39.611508176
2472, -104.575962898, -104.565158593, 39.611486801, 39.619847602
2473, -104.565166946, -104.554361347, 39.619826239, 39.628187028
2474, -104.500336704, -104.489523326, 39.66986286, 39.678223577
2475, -104.48952256, -104.478707884, 39.678202295, 39.686563001
2476, -104.402821638, -104.391996556, 39.74491776, 39.753278371
2477, -104.392016555, -104.38119017, 39.753257197, 39.761617796
2478, -104.381207563, -104.370379873, 39.761596633, 39.769957221
2479, -104.370394658, -104.359565664, 39.769936069, 39.778296645
2480, -104.359549141, -104.348718842, 39.778275502, 39.786636065
2481, -104.348700999, -104.337869395, 39.786614933, 39.794975485
2482, -104.33785023, -104.32701732, 39.794954365, 39.803314905
2483, -104.326982461, -104.316148244, 39.803293795, 39.811654323
2484, -104.316140806, -104.305305282, 39.811633227, 39.819993743
2485, -104.305282147, -104.294445316, 39.819972658, 39.828333162
2486, -104.294420855, -104.283582716, 39.828312089, 39.836672581
2487, -104.283556928, -104.27271748, 39.836651519, 39.845011999
2488, -104.272690365, -104.261849608, 39.844990948, 39.853351417
2489, -104.261821163, -104.250979096, 39.853330378, 39.861690835
2490, -104.250949322, -104.240105944, 39.861669807, 39.870030252
2491, -104.553579899, -104.54269828, 40.103537264, 40.111897364
2492, -104.412866516, -104.402002097, 39.995114924, 40.003475179
2493, -104.402024735, -104.391161635, 39.986774658, 39.995134924
2494, -104.391186907, -104.380325126, 39.97843438, 39.986794658
2495, -104.380353031, -104.369492568, 39.970094091, 39.978454381
2496, -104.369550761, -104.358691615, 39.961753793, 39.970114095
2497, -104.358751108, -104.347893279, 39.953413483, 39.961773797
2498, -104.986850035, -104.975992204, 39.95342817, 39.961788484
2499, -104.997672105, -104.986815591, 39.945088351, 39.953448677
2500, -104.347954072, -104.337097559, 39.945073162, 39.953433487
2501, -105.008494176, -104.997638977, 39.936748519, 39.945108857
2502, -104.33715965, -104.326304454, 39.936732828, 39.945093166
2503, -105.019316246, -105.008462362, 39.928408676, 39.936769025
2504, -104.326367842, -104.315513961, 39.928392484, 39.936752833
2505, -105.030138316, -105.019285747, 39.92006882, 39.928429182
2506, -104.315578645, -104.304726079, 39.920052127, 39.928412489
2507, -105.040960386, -105.030109132, 39.911728953, 39.920089326
2508, -104.304792058, -104.293940807, 39.911711759, 39.920072132
2509, -104.29400808, -104.283158142, 39.903371379, 39.911731764
2510, -104.283226708, -104.272378083, 39.895030987, 39.903391384
2511, -104.272447941, -104.261600629, 39.886690583, 39.895050992
2512, -104.261671778, -104.250825778, 39.878350168, 39.886710589
2513, -104.250898216, -104.240053528, 39.870009741, 39.878370174
2514, -105.019316246, -105.008483333, 39.794969978, 39.803330517
2515, -105.008494176, -104.997662569, 39.786630038, 39.79499059
2516, -104.997672105, -104.986841804, 39.778290098, 39.786650662
2517, -104.986850035, -104.976021039, 39.769950159, 39.778310734
2518, -104.976027965, -104.965200273, 39.761610219, 39.769970806
2519, -104.965205895, -104.954379507, 39.753270279, 39.761630878
2520, -104.954383825, -104.94355874, 39.74493034, 39.75329095
2521, -104.943561754, -104.932737973, 39.7365904, 39.744951023
2522, -104.932739684, -104.921917205, 39.72825046, 39.736611095
2523, -104.921917614, -104.911096436, 39.71991052, 39.728271167
2524, -104.911095544, -104.900275667, 39.711570581, 39.719931239
2525, -104.608323571, -104.597524439, 39.578128545, 39.586489393
2526, -104.597544439, -104.586744015, 39.586467985, 39.594828821
2527, -104.58676143, -104.575959712, 39.594807424, 39.603168248
2528, -104.57597454, -104.565171529, 39.603146863, 39.611507675
2529, -104.565179887, -104.554375582, 39.611486301, 39.619847101
2530, -104.554382642, -104.543577042, 39.619825738, 39.628186527
2531, -104.489544624, -104.478731246, 39.669862358, 39.678223076
2532, -104.392017858, -104.381192776, 39.744917258, 39.753277868
2533, -104.381211473, -104.370385087, 39.753256694, 39.761617293
2534, -104.370401177, -104.359573487, 39.76159613, 39.769956718
2535, -104.359586968, -104.348757974, 39.769935566, 39.778296141
2536, -104.348740147, -104.337909848, 39.778274998, 39.786635562
2537, -104.3378907, -104.327059096, 39.78661443, 39.794974982
2538, -104.327038626, -104.316205716, 39.794953861, 39.803314401
2539, -104.316169551, -104.305335334, 39.803293291, 39.811653819
2540, -104.305326589, -104.294491066, 39.811632723, 39.819993239
2541, -104.294466624, -104.283629792, 39.819972154, 39.828332658
2542, -104.283604024, -104.272765885, 39.828311584, 39.836672076
2543, -104.272738789, -104.261899341, 39.836651014, 39.845011495
2544, -104.261870917, -104.25103016, 39.844990444, 39.853350912
2545, -104.251000406, -104.240158339, 39.853329873, 39.86169033
2546, -104.240127255, -104.229283877, 39.861669302, 39.870029747
2547, -104.412866516, -104.402000777, 40.003454671, 40.011814914
2548, -104.402023416, -104.391158997, 39.995114417, 40.003474671
2549, -104.391182953, -104.380319853, 39.986774151, 39.995134417
2550, -104.380346444, -104.369484662, 39.978433873, 39.986794151
2551, -104.369513885, -104.358653422, 39.970093584, 39.978453874
2552, -104.358712932, -104.347853786, 39.961753286, 39.970113588
2553, -104.347914595, -104.337056767, 39.953412977, 39.96177329
2554, -104.997672105, -104.986814274, 39.95342817, 39.961788484
2555, -105.008494176, -104.997637661, 39.945088351, 39.953448677
2556, -104.337118875, -104.326262363, 39.945072655, 39.953432981
2557, -105.019316246, -105.008461047, 39.936748519, 39.945108857
2558, -104.326325769, -104.315470573, 39.936732322, 39.94509266
2559, -105.030138316, -105.019284433, 39.928408676, 39.936769025
2560, -104.315535276, -104.304681395, 39.928391978, 39.936752327
2561, -105.040960386, -105.030107818, 39.92006882, 39.928429182
2562, -104.304747393, -104.293894828, 39.920051621, 39.928411983
2563, -104.29396212, -104.283110869, 39.911711253, 39.920071626
2564, -104.283179455, -104.272329517, 39.903370873, 39.911731258
2565, -104.272399396, -104.261550771, 39.895030481, 39.903390879
2566, -104.261621941, -104.250774629, 39.886690078, 39.895050487
2567, -104.250847089, -104.24000109, 39.878349663, 39.886710084
2568, -104.240074839, -104.229230151, 39.870009236, 39.878369669
2569, -105.019316246, -105.008484639, 39.786630038, 39.79499059
2570, -105.008494176, -104.997663874, 39.778290098, 39.786650662
2571, -104.997672105, -104.986843109, 39.769950159, 39.778310734
2572, -104.986850035, -104.976022343, 39.761610219, 39.769970806
2573, -104.976027965, -104.965201577, 39.753270279, 39.761630878
2574, -104.965205895, -104.95438081, 39.74493034, 39.75329095
2575, -104.954383825, -104.943560043, 39.7365904, 39.744951023
2576, -104.943561754, -104.932739275, 39.72825046, 39.736611095
2577, -104.932739684, -104.921918506, 39.71991052, 39.728271167
2578, -104.921917614, -104.911097737, 39.711570581, 39.719931239
2579, -104.608323571, -104.597525731, 39.569788605, 39.578149465
2580, -104.597545731, -104.586746599, 39.578128045, 39.586488893
2581, -104.586765307, -104.575964883, 39.586467485, 39.594828321
2582, -104.575981005, -104.565179288, 39.594806924, 39.603167748
2583, -104.565192823, -104.554389812, 39.603146362, 39.611507175
2584, -104.554396877, -104.543592572, 39.6114858, 39.619846601
2585, -104.381214078, -104.370388996, 39.744916755, 39.753277366
2586, -104.37040639, -104.359580005, 39.753256191, 39.76161679
2587, -104.359594791, -104.348767102, 39.761595627, 39.769956215
2588, -104.348779279, -104.337950285, 39.769935063, 39.778295638
2589, -104.337931153, -104.327100854, 39.778274495, 39.786635058
2590, -104.327080401, -104.316248797, 39.786613926, 39.794974478
2591, -104.316227022, -104.305394112, 39.794953358, 39.803313897
2592, -104.30535664, -104.294522424, 39.803292787, 39.811653315
2593, -104.294512373, -104.283676849, 39.81163222, 39.819992735
2594, -104.2836511, -104.272814269, 39.81997165, 39.828332154
2595, -104.272787193, -104.261949054, 39.82831108, 39.836671572
2596, -104.26192065, -104.251081202, 39.83665051, 39.84501099
2597, -104.251051469, -104.240210712, 39.844989939, 39.853350408
2598, -104.240179649, -104.229337582, 39.853329369, 39.861689825
2599, -104.229305188, -104.218461811, 39.861668798, 39.870029242
2600, -104.402022097, -104.391156358, 40.003454164, 40.011814407
2601, -104.391180316, -104.380315897, 39.99511391, 40.003474164
2602, -104.380341171, -104.369478072, 39.986773644, 39.99513391
2603, -104.36950598, -104.358644199, 39.978433366, 39.986793644
2604, -104.337078083, -104.326220255, 39.95341247, 39.961772784
2605, -105.008494176, -104.997636345, 39.95342817, 39.961788484
2606, -105.019316246, -105.008459731, 39.945088351, 39.953448677
2607, -104.326283679, -104.315427167, 39.945072149, 39.953432475
2608, -105.030138316, -105.019283117, 39.936748519, 39.945108857
2609, -104.315491888, -104.304636692, 39.936731816, 39.945092154
2610, -105.040960386, -105.030106503, 39.928408676, 39.936769025
2611, -104.30470271, -104.293848829, 39.928391472, 39.936751821
2612, -105.051782456, -105.040929888, 39.92006882, 39.928429182
2613, -104.293916142, -104.283063576, 39.920051115, 39.928411477
2614, -104.283132182, -104.272280931, 39.911710747, 39.920071121
2615, -104.27235083, -104.261500893, 39.903370368, 39.911730753
2616, -104.261572084, -104.250723459, 39.895029976, 39.903390373
2617, -104.250795941, -104.239948629, 39.886689573, 39.895049982
2618, -104.240022401, -104.229176401, 39.878349158, 39.886709579
2619, -104.229251461, -104.218406773, 39.870008731, 39.878369164
2620, -105.030138316, -105.019306709, 39.786630038, 39.79499059
2621, -105.019316246, -105.008485945, 39.778290098, 39.786650662
2622, -105.008494176, -104.997665179, 39.769950159, 39.778310734
2623, -104.997672105, -104.986844414, 39.761610219, 39.769970806
2624, -104.986850035, -104.976023647, 39.753270279, 39.761630878
2625, -104.976027965, -104.96520288, 39.74493034, 39.75329095
2626, -104.965205895, -104.954382113, 39.7365904, 39.744951023
2627, -104.954383825, -104.943561345, 39.72825046, 39.736611095
2628, -104.943561754, -104.932740576, 39.71991052, 39.728271167
2629, -104.932739684, -104.921919807, 39.711570581, 39.719931239
2630, -104.597547022, -104.586749182, 39.569788105, 39.578148965
2631, -104.586767891, -104.575968759, 39.578127545, 39.586488393
2632, -104.575986175, -104.565185751, 39.586466985, 39.594827821
2633, -104.565200581, -104.554398864, 39.594806424, 39.603167248
2634, -104.554411106, -104.543608095, 39.603145862, 39.611506675
2635, -104.370410299, -104.359585216, 39.744916252, 39.753276863
2636, -104.359601308, -104.348774922, 39.753255688, 39.761616287
2637, -104.348788405, -104.337960716, 39.761595124, 39.769955711
2638, -104.337971589, -104.327142595, 39.76993456, 39.778295135
2639, -104.327122159, -104.316291861, 39.778273992, 39.786634555
2640, -104.316270103, -104.305438499, 39.786613423, 39.794973975
2641, -104.305415418, -104.294582508, 39.794952854, 39.803313394
2642, -104.29454373, -104.283709514, 39.803292283, 39.811652811
2643, -104.283698156, -104.272862633, 39.811631716, 39.819992232
2644, -104.272835576, -104.261998745, 39.819971146, 39.82833165
2645, -104.261970362, -104.251132223, 39.828310576, 39.836671068
2646, -104.25110251, -104.240263063, 39.836650006, 39.845010486
2647, -104.240232021, -104.229391264, 39.844989435, 39.853349903
2648, -104.229358892, -104.218516825, 39.853328864, 39.861689321
2649, -104.218483121, -104.207639744, 39.861668293, 39.870028737
2650, -104.402022097, -104.391155038, 40.011793899, 40.02015413
2651, -104.391177677, -104.380311939, 40.003453657, 40.011813899
2652, -104.380337216, -104.369472797, 39.995113402, 40.003473657
2653, -104.36949939, -104.35863629, 39.986773137, 39.995133403
2654, -104.326241571, -104.315383743, 39.953411964, 39.961772278
2655, -105.019316246, -105.008458415, 39.95342817, 39.961788484
2656, -105.030138316, -105.019281801, 39.945088351, 39.953448677
2657, -104.315448483, -104.304591971, 39.945071643, 39.953431969
2658, -105.040960386, -105.030105187, 39.936748519, 39.945108857
2659, -104.304658007, -104.293802812, 39.93673131, 39.945091648
2660, -105.051782456, -105.040928573, 39.928408676, 39.936769025
2661, -104.293870144, -104.283016263, 39.928390966, 39.936751315
2662, -104.28308489, -104.272232324, 39.920050609, 39.928410971
2663, -104.250744772, -104.239896147, 39.895029471, 39.903389868
2664, -104.239969941, -104.22912263, 39.886689068, 39.895049477
2665, -104.229197713, -104.218351713, 39.878348653, 39.886709074
2666, -104.218428084, -104.207583396, 39.870008226, 39.878368659
2667, -105.030138316, -105.019308015, 39.778290098, 39.786650662
2668, -105.019316246, -105.00848725, 39.769950159, 39.778310734
2669, -105.008494176, -104.997666484, 39.761610219, 39.769970806
2670, -104.997672105, -104.986845717, 39.753270279, 39.761630878
2671, -104.986850035, -104.976024951, 39.74493034, 39.75329095
2672, -104.943561754, -104.932741878, 39.711570581, 39.719931239
2673, -104.597547022, -104.586750474, 39.561448166, 39.569809038
2674, -104.586770474, -104.575972634, 39.569787606, 39.578148466
2675, -104.575990051, -104.565190919, 39.578127045, 39.586487894
2676, -104.565207043, -104.554406619, 39.586466485, 39.594827321
2677, -104.554420157, -104.543618439, 39.594805924, 39.603166748
2678, -104.359606519, -104.348781436, 39.744915749, 39.75327636
2679, -104.348796225, -104.33796984, 39.753255185, 39.761615785
2680, -104.33798202, -104.327154331, 39.761594621, 39.769955208
2681, -104.3271639, -104.316334906, 39.769934057, 39.778294632
2682, -104.316313165, -104.305482867, 39.778273488, 39.786634052
2683, -104.305459804, -104.2946282, 39.786612919, 39.794973471
2684, -104.294603814, -104.283770904, 39.794952351, 39.80331289
2685, -104.28373082, -104.272896604, 39.80329178, 39.811652307
2686, -104.27288394, -104.262048416, 39.811631212, 39.819991728
2687, -104.262020053, -104.251183222, 39.819970642, 39.828331146
2688, -104.229412573, -104.218571816, 39.84498893, 39.853349399
2689, -104.218538135, -104.207696068, 39.853328359, 39.861688816
2690, -104.207661054, -104.196817677, 39.861667788, 39.870028233
2691, -104.402022097, -104.391153717, 40.020133622, 40.028493841
2692, -104.391176358, -104.380309299, 40.011793392, 40.020153622
2693, -104.380333258, -104.369467519, 40.003453149, 40.011813392
2694, -104.315405059, -104.304547231, 39.953411457, 39.961771771
2695, -105.030138316, -105.019280485, 39.95342817, 39.961788484
2696, -105.040960386, -105.030103872, 39.945088351, 39.953448677
2697, -104.304613287, -104.293756775, 39.945071136, 39.953431462
2698, -105.051782456, -105.040927258, 39.936748519, 39.945108857
2699, -104.293824127, -104.282968931, 39.936730804, 39.945091142
2700, -105.062604526, -105.051750643, 39.928408676, 39.936769025
2701, -104.283037578, -104.272183697, 39.92839046, 39.936750809
2702, -104.272253638, -104.261401073, 39.920050104, 39.928410465
2703, -104.23991746, -104.229068836, 39.895028965, 39.903389362
2704, -104.229143941, -104.21829663, 39.886688562, 39.895048971
2705, -104.218373024, -104.207527025, 39.878348148, 39.886708569
2706, -104.207604707, -104.196760019, 39.870007721, 39.878368154
2707, -105.040960386, -105.030130085, 39.778290098, 39.786650662
2708, -105.030138316, -105.01930932, 39.769950159, 39.778310734
2709, -105.019316246, -105.008488554, 39.761610219, 39.769970806
2710, -105.008494176, -104.997667788, 39.753270279, 39.761630878
2711, -104.597547022, -104.586751765, 39.553108226, 39.56146911
2712, -104.586771765, -104.575975216, 39.561447666, 39.569808538
2713, -104.575993925, -104.565196085, 39.569787106, 39.578147966
2714, -104.565212211, -104.554413079, 39.578126546, 39.586487394
2715, -104.554427911, -104.543627487, 39.586465985, 39.594826821
2716, -104.337991143, -104.327164757, 39.753254683, 39.761615282
2717, -104.327175634, -104.316347945, 39.761594118, 39.769954705
2718, -104.31635621, -104.305527217, 39.769933553, 39.778294129
2719, -104.305504172, -104.294673873, 39.778272985, 39.786633548
2720, -104.294649505, -104.283817902, 39.786612416, 39.794972968
2721, -104.28379221, -104.2729593, 39.794951847, 39.803312387
2722, -104.272917911, -104.262083694, 39.803291276, 39.811651804
2723, -104.262069723, -104.2512342, 39.811630708, 39.819991224
2724, -104.25120453, -104.240367699, 39.819970138, 39.828330642
2725, -104.207717378, -104.196875311, 39.853327855, 39.861688311
2726, -104.391175037, -104.380306658, 40.020133115, 40.028493333
2727, -104.380330619, -104.36946356, 40.011792884, 40.020153115
2728, -104.304568547, -104.293710719, 39.953410951, 39.961771265
2729, -105.040960386, -105.030102555, 39.95342817, 39.961788484
2730, -105.051782456, -105.040925942, 39.945088351, 39.953448677
2731, -104.29377809, -104.282921579, 39.94507063, 39.953430956
2732, -105.062604526, -105.051749328, 39.936748519, 39.945108857
2733, -104.282990246, -104.27213505, 39.936730298, 39.945090635
2734, -104.272205012, -104.261351132, 39.928389954, 39.936750303
2735, -104.218317942, -104.20747063, 39.886688057, 39.895048466
2736, -104.207548336, -104.196702337, 39.878347643, 39.886708063
2737, -104.19678133, -104.185936642, 39.870007216, 39.878367649
2738, -105.040960386, -105.03013139, 39.769950159, 39.778310734
2739, -105.030138316, -105.019310624, 39.761610219, 39.769970806
2740, -105.019316246, -105.008489858, 39.753270279, 39.761630878
2741, -104.586773055, -104.575977797, 39.553107727, 39.56146861
2742, -104.575996507, -104.565199958, 39.561447167, 39.569808039
2743, -104.565217376, -104.554419537, 39.569786606, 39.578147467
2744, -104.554434371, -104.543635239, 39.578126046, 39.586486894
2745, -104.327186061, -104.316359675, 39.75325418, 39.761614779
2746, -104.316369249, -104.30554156, 39.761593615, 39.769954202
2747, -104.305548521, -104.294719528, 39.76993305, 39.778293626
2748, -104.294695178, -104.28386488, 39.778272482, 39.786633045
2749, -104.283839207, -104.273007603, 39.786611913, 39.794972464
2750, -104.272980606, -104.262147696, 39.794951343, 39.803311883
2751, -104.262105001, -104.251270785, 39.803290772, 39.8116513
2752, -104.251255507, -104.240419984, 39.811630204, 39.81999072
2753, -104.293732035, -104.282874207, 39.953410444, 39.961770758
2754, -105.062604526, -105.051748012, 39.945088351, 39.953448677
2755, -104.282942894, -104.272086383, 39.945070124, 39.95343045
2756, -104.272156365, -104.26130117, 39.936729792, 39.945090129
2757, -104.207491942, -104.196644631, 39.886687552, 39.895047961
2758, -105.051782456, -105.04095346, 39.769950159, 39.778310734
2759, -105.040960386, -105.030132694, 39.761610219, 39.769970806
2760, -105.030138316, -105.019311928, 39.753270279, 39.761630878
2761, -104.586773055, -104.575979087, 39.544767787, 39.553128683
2762, -104.575999087, -104.56520383, 39.553107227, 39.561468111
2763, -104.565221249, -104.554424701, 39.561446667, 39.569807539
2764, -104.554440828, -104.543642988, 39.569786107, 39.578146967
2765, -104.316380978, -104.305554593, 39.753253677, 39.761614276
2766, -104.305562863, -104.294735174, 39.761593112, 39.769953699
2767, -104.294740832, -104.283911838, 39.769932547, 39.778293122
2768, -104.283886185, -104.273055886, 39.778271978, 39.786632542
2769, -104.273028909, -104.262197305, 39.786611409, 39.794971961
2770, -104.262169002, -104.251336093, 39.79495084, 39.803311379
2771, -104.251292091, -104.240457875, 39.803290268, 39.811650796
2772, -104.240441291, -104.229605768, 39.8116297, 39.819990216
2773, -104.282895523, -104.272037695, 39.953409938, 39.961770252
2774, -104.272107699, -104.261251187, 39.945069617, 39.953429943
2775, -105.051782456, -105.040954764, 39.761610219, 39.769970806
2776, -105.040960386, -105.030133998, 39.753270279, 39.761630878
2777, -104.576000377, -104.56520641, 39.544767288, 39.553128183
2778, -104.56522512, -104.554429862, 39.553106728, 39.561467612
2779, -104.554445991, -104.543649443, 39.561446168, 39.56980704
2780, -104.316380978, -104.305555896, 39.744913737, 39.753274348
2781, -104.305575896, -104.294749511, 39.753253174, 39.761613773
2782, -104.294756478, -104.283928789, 39.761592609, 39.769953196
2783, -104.283933143, -104.273104149, 39.769932044, 39.778292619
2784, -104.273077191, -104.262246893, 39.778271475, 39.786632038
2785, -104.26221861, -104.251387007, 39.786610906, 39.794971457
2786, -104.251357398, -104.240524489, 39.794950336, 39.803310876
2787, -104.240479182, -104.229644966, 39.803289764, 39.811650292
2788, -105.051782456, -105.040956068, 39.753270279, 39.761630878
2789, -104.576000377, -104.5652077, 39.536427348, 39.544788256
2790, -104.565227699, -104.554433732, 39.544766789, 39.553127684
2791, -104.554451153, -104.543655895, 39.553106229, 39.561467112
2792, -104.305577199, -104.294752117, 39.744913234, 39.753273845
2793, -104.294770814, -104.283944429, 39.753252671, 39.76161327
2794, -104.283950093, -104.273122404, 39.761592106, 39.769952693
2795, -104.273125454, -104.262296461, 39.769931541, 39.778292116
2796, -104.262268198, -104.2514379, 39.778270971, 39.786631535
2797, -104.251408312, -104.240576709, 39.786610402, 39.794970954
2798, -104.240545795, -104.229712885, 39.794949832, 39.803310372
2799, -104.229666272, -104.218832056, 39.803289261, 39.811649789
2800, -105.051782456, -105.040957372, 39.74493034, 39.75329095
2801, -104.565228989, -104.554436311, 39.536426849, 39.544787757
2802, -104.554455022, -104.543661055, 39.544766289, 39.553127185
2803, -104.29477342, -104.283948338, 39.744912732, 39.753273343
2804, -104.283965732, -104.273139347, 39.753252168, 39.761612767
2805, -104.273143708, -104.262316019, 39.761591603, 39.76995219
2806, -104.262317765, -104.251488772, 39.769931037, 39.778291613
2807, -104.251459205, -104.240628907, 39.778270468, 39.786631032
2808, -104.240598014, -104.229766411, 39.786609899, 39.79497045
2809, -104.229734191, -104.218901282, 39.794949329, 39.803309868
2810, -104.283969641, -104.273144559, 39.744912229, 39.75327284
2811, -104.273160651, -104.262334266, 39.753251665, 39.761612264
2812, -104.262337323, -104.251509634, 39.7615911, 39.769951687
2813, -104.251510076, -104.240681083, 39.769930534, 39.77829111
2814, -104.240650212, -104.229819914, 39.778269965, 39.786630528
2815, -104.229787716, -104.218956113, 39.786609395, 39.794969947
2816, -104.218922588, -104.208089679, 39.794948825, 39.803309365
2817, -104.273165862, -104.26234078, 39.744911726, 39.753272337
2818, -104.262355569, -104.251529184, 39.753251162, 39.761611761
2819, -104.251530937, -104.240703249, 39.761590597, 39.769951184
2820, -104.240702387, -104.229873394, 39.769930031, 39.778290606
2821, -104.229841218, -104.219010921, 39.778269461, 39.786630025
2822, -104.218977418, -104.208145815, 39.786608892, 39.794969443
2823, -104.262362083, -104.251537001, 39.744911223, 39.753271834
2824, -104.251550487, -104.240724102, 39.753250659, 39.761611259
2825, -104.240724553, -104.229896864, 39.761590094, 39.769950681
2826, -104.229894698, -104.219065706, 39.769929528, 39.778290103
2827, -104.251558304, -104.240733222, 39.744910721, 39.753271332
2828, -104.240745405, -104.229919021, 39.753250157, 39.761610756
2829, -104.229918168, -104.219090479, 39.761589591, 39.769950178
2830, -104.240754525, -104.229929443, 39.744910218, 39.753270829
2831, -104.229940324, -104.219113939, 39.753249654, 39.761610253
END,,
